payment_pk,customer_id,merchant_txid,amount,status,created_at,last4
1,23,TX-00000001,90.2,failed,2025-02-27,7809
2,206,TX-00000002,179.79,success,2025-01-30,7944
3,187,TX-00000003,359.09,success,2024-04-17,2410
4,37,TX-00000004,87.07,failed,2023-12-12,6495
5,17,TX-00000005,373.6,declined,2025-03-29,7156
6,23,TX-00000006,7.61,declined,2022-07-14,7791
7,45,TX-00000007,224.55,declined,2024-03-09,3243
8,52,TX-00000008,78.47,failed,2022-08-16,9037
9,11,TX-00000009,330.01,failed,2024-04-13,5979
10,127,TX-00000010,225.92,failed,2022-04-05,1439
11,203,TX-00000011,5.97,failed,2022-09-07,8742
12,32,TX-00000012,263.26,failed,2023-05-05,3938
13,126,TX-00000013,363.18,declined,2022-05-17,1466
14,31,TX-00000014,307.06,failed,2021-05-17,6927
15,149,TX-00000015,194.79,failed,2022-06-13,8799
16,250,TX-00000016,279.23,success,2023-02-04,9397
17,188,TX-00000017,232.23,failed,2021-11-30,1958
18,38,TX-00000018,131.27,declined,2021-10-05,6855
19,42,TX-00000019,25.89,failed,2023-05-10,6832
20,13,TX-00000020,119.49,declined,2024-08-01,2258
21,132,TX-00000021,81.56,declined,2022-01-11,2548
22,154,TX-00000022,302.29,declined,2022-10-23,6180
23,212,TX-00000023,338.77,failed,2022-07-10,6939
24,25,TX-00000024,216.1,failed,2021-10-22,1211
25,36,TX-00000025,209.68,failed,2025-05-14,8944
26,106,TX-00000026,139.42,success,2021-07-29,4569
27,40,TX-00000027,203.84,success,2024-02-19,9612
28,217,TX-00000028,215.18,declined,2024-12-09,2867
29,107,TX-00000029,186.89,success,2021-08-27,3150
30,237,TX-00000030,11.86,failed,2022-10-01,6940
31,36,TX-00000031,327.73,declined,2023-12-08,6604
32,45,TX-00000032,285.41,success,2025-03-05,2943
33,57,TX-00000033,55.84,declined,2021-10-19,4712
34,79,TX-00000034,54.51,success,2021-06-10,7960
35,177,TX-00000035,306.39,success,2021-06-09,1308
36,199,TX-00000036,196.28,failed,2021-03-29,4217
37,28,TX-00000037,17.95,declined,2023-11-18,1971
38,121,TX-00000038,51.97,failed,2021-03-30,2085
39,78,TX-00000039,268.7,success,2021-09-11,4365
40,151,TX-00000040,360.96,success,2024-10-05,6759
41,8,TX-00000041,40.86,declined,2022-07-23,6698
42,91,TX-00000042,68.42,declined,2025-05-19,4962
43,130,TX-00000043,230.24,success,2024-03-30,1229
44,136,TX-00000044,90.71,success,2022-08-01,3814
45,231,TX-00000045,302.84,success,2025-01-25,2616
46,237,TX-00000046,89.54,declined,2024-12-20,8777
47,94,TX-00000047,280.76,success,2023-06-20,2758
48,47,TX-00000048,334.72,failed,2023-05-19,4510
49,132,TX-00000049,94.88,success,2025-04-09,6149
50,32,TX-00000050,189.03,declined,2021-10-06,9123
51,196,TX-00000051,147.69,failed,2024-02-16,1665
52,22,TX-00000052,134.61,success,2023-02-28,5646
53,117,TX-00000053,242.15,failed,2024-11-08,8273
54,58,TX-00000054,223.8,failed,2023-05-27,4093
55,220,TX-00000055,32.5,failed,2024-10-22,7020
56,46,TX-00000056,10.05,declined,2023-10-04,2723
57,102,TX-00000057,178.03,declined,2024-10-17,2392
58,31,TX-00000058,61.63,failed,2024-11-24,2666
59,190,TX-00000059,370.49,success,2021-05-13,6959
60,250,TX-00000060,83.64,success,2024-05-03,7623
61,32,TX-00000061,96.98,failed,2025-01-25,9177
62,72,TX-00000062,307.1,declined,2024-04-30,5472
63,194,TX-00000063,316.85,declined,2023-03-31,6834
64,122,TX-00000064,268.34,failed,2023-09-20,9379
65,72,TX-00000065,63.21,failed,2021-08-10,3001
66,65,TX-00000066,198.29,success,2024-07-10,3205
67,8,TX-00000067,44.34,success,2021-05-20,9161
68,174,TX-00000068,15.57,success,2023-02-23,6356
69,40,TX-00000069,124.59,declined,2021-07-17,2253
70,170,TX-00000070,301.89,failed,2023-08-13,4308
71,76,TX-00000071,266.53,failed,2023-10-31,5287
72,139,TX-00000072,140.73,declined,2024-01-25,1289
73,244,TX-00000073,306.77,failed,2021-09-01,7285
74,116,TX-00000074,129.25,failed,2023-06-26,8531
75,10,TX-00000075,17.98,declined,2024-09-12,5965
76,227,TX-00000076,283.89,failed,2023-06-02,3203
77,80,TX-00000077,287.71,failed,2025-04-14,2792
78,146,TX-00000078,271.63,declined,2024-02-09,9837
79,147,TX-00000079,190.58,declined,2021-11-17,9301
80,15,TX-00000080,159.6,failed,2024-04-25,7189
81,158,TX-00000081,272.21,failed,2022-10-19,2006
82,8,TX-00000082,238.23,success,2023-01-21,6715
83,208,TX-00000083,298.11,success,2025-04-17,6591
84,98,TX-00000084,43.45,failed,2023-01-02,7749
85,90,TX-00000085,27.3,success,2022-05-23,4844
86,166,TX-00000086,128.28,success,2024-11-10,2073
87,223,TX-00000087,125.44,failed,2021-12-14,1322
88,138,TX-00000088,133.82,failed,2024-09-09,7921
89,146,TX-00000089,208.33,failed,2022-07-01,1334
90,179,TX-00000090,190.53,success,2022-10-11,7188
91,147,TX-00000091,159.17,declined,2021-07-20,9001
92,26,TX-00000092,277.89,success,2022-11-20,9138
93,129,TX-00000093,325.53,declined,2022-11-27,3730
94,158,TX-00000094,123.31,failed,2022-02-18,9142
95,163,TX-00000095,339.7,success,2024-01-03,4507
96,74,TX-00000096,109.74,failed,2024-03-20,7586
97,206,TX-00000097,94.22,declined,2021-07-08,2552
98,152,TX-00000098,138.05,success,2024-03-06,9700
99,122,TX-00000099,173.71,failed,2021-06-07,5945
100,130,TX-00000100,322.63,failed,2024-09-20,9846
101,81,TX-00000101,84.03,failed,2022-05-30,9443
102,117,TX-00000102,270.27,declined,2022-01-05,1304
103,161,TX-00000103,282.82,success,2024-03-27,9178
104,55,TX-00000104,266.02,declined,2023-08-16,5389
105,240,TX-00000105,256.98,declined,2025-04-25,8106
106,240,TX-00000106,228.62,declined,2021-05-03,9556
107,52,TX-00000107,148.89,success,2022-05-08,3465
108,192,TX-00000108,275.7,failed,2023-06-11,7721
109,82,TX-00000109,344.77,success,2024-07-22,4335
110,217,TX-00000110,167.91,failed,2024-08-16,3631
111,66,TX-00000111,276.31,success,2023-04-12,4907
112,30,TX-00000112,64.24,success,2022-05-18,6087
113,119,TX-00000113,196.73,failed,2023-05-15,1606
114,52,TX-00000114,67.95,success,2021-03-01,5233
115,203,TX-00000115,322.4,declined,2024-02-02,3883
116,165,TX-00000116,341.75,declined,2023-09-23,1326
117,15,TX-00000117,344.54,success,2022-10-05,5882
118,222,TX-00000118,30.11,failed,2023-01-15,2479
119,102,TX-00000119,377.55,declined,2021-10-15,4867
120,29,TX-00000120,230.53,declined,2021-09-05,9551
121,171,TX-00000121,332.45,declined,2022-05-31,9133
122,227,TX-00000122,40.65,declined,2021-09-08,6134
123,85,TX-00000123,333.77,declined,2023-03-10,4865
124,240,TX-00000124,172.03,success,2021-08-07,3869
125,55,TX-00000125,388.12,failed,2023-04-17,5166
126,221,TX-00000126,237.84,failed,2023-12-29,7139
127,180,TX-00000127,379.74,failed,2024-01-23,7943
128,122,TX-00000128,274.68,failed,2021-10-24,6947
129,122,TX-00000129,287.69,failed,2021-02-13,1570
130,216,TX-00000130,297.08,success,2024-11-15,4926
131,65,TX-00000131,223.33,failed,2024-08-01,6945
132,232,TX-00000132,325.84,success,2024-01-01,4872
133,220,TX-00000133,179.75,success,2023-03-16,5186
134,78,TX-00000134,40.65,success,2022-09-02,4446
135,221,TX-00000135,356.65,failed,2024-07-17,6196
136,226,TX-00000136,325.84,declined,2023-04-13,1555
137,71,TX-00000137,347.25,failed,2023-08-23,7765
138,238,TX-00000138,337.26,declined,2023-05-16,2644
139,212,TX-00000139,68.34,failed,2023-11-03,2087
140,91,TX-00000140,171.24,declined,2024-01-27,6353
141,117,TX-00000141,279.61,success,2024-08-06,4010
142,162,TX-00000142,180.14,declined,2021-10-06,1050
143,103,TX-00000143,84.03,failed,2022-10-05,2347
144,29,TX-00000144,67.34,declined,2025-01-01,3131
145,217,TX-00000145,239.64,failed,2022-10-17,8397
146,123,TX-00000146,350.03,success,2022-06-18,3842
147,176,TX-00000147,239.24,failed,2022-08-01,4254
148,22,TX-00000148,168.73,success,2023-03-17,7182
149,242,TX-00000149,334.7,declined,2022-04-05,1339
150,243,TX-00000150,14.07,declined,2024-08-18,4747
151,233,TX-00000151,40.15,failed,2022-02-11,5289
152,180,TX-00000152,341.47,success,2023-04-02,8027
153,154,TX-00000153,107.76,success,2023-01-24,3787
154,243,TX-00000154,229.06,success,2025-01-11,9615
155,112,TX-00000155,310.48,failed,2024-10-11,9096
156,31,TX-00000156,93.67,success,2022-01-26,5361
157,74,TX-00000157,299.84,failed,2021-09-24,8066
158,220,TX-00000158,86.61,success,2022-08-03,4102
159,108,TX-00000159,76.25,success,2021-02-28,5754
160,250,TX-00000160,108.41,declined,2023-07-13,5068
161,95,TX-00000161,235.25,declined,2023-07-28,2404
162,3,TX-00000162,190.21,failed,2024-11-20,7513
163,176,TX-00000163,88.83,failed,2024-12-21,7935
164,189,TX-00000164,240.89,success,2021-07-15,1962
165,14,TX-00000165,136.48,success,2023-08-23,6804
166,156,TX-00000166,376.03,declined,2024-12-24,1745
167,2,TX-00000167,105.19,declined,2023-02-20,5956
168,102,TX-00000168,270.15,success,2024-02-20,1673
169,149,TX-00000169,75.85,success,2023-10-29,9074
170,239,TX-00000170,138.97,failed,2021-09-28,2468
171,82,TX-00000171,285.55,failed,2021-10-18,5266
172,30,TX-00000172,128.74,success,2023-10-20,5603
173,192,TX-00000173,147.43,failed,2022-08-03,5312
174,157,TX-00000174,332.69,failed,2023-11-25,6128
175,112,TX-00000175,357.61,failed,2025-02-18,9049
176,196,TX-00000176,380.27,declined,2024-09-08,8208
177,14,TX-00000177,79.62,success,2022-04-16,4000
178,10,TX-00000178,190.75,success,2024-12-16,8653
179,112,TX-00000179,50.83,failed,2021-03-25,8233
180,92,TX-00000180,395.58,declined,2023-09-21,8499
181,127,TX-00000181,49.43,declined,2021-10-31,3025
182,90,TX-00000182,41.96,failed,2022-01-05,3757
183,192,TX-00000183,205.95,failed,2024-02-28,4479
184,150,TX-00000184,399.21,success,2023-12-14,3958
185,107,TX-00000185,368.56,success,2025-04-23,9161
186,174,TX-00000186,42.25,failed,2021-02-23,5657
187,175,TX-00000187,392.63,success,2023-03-19,7120
188,152,TX-00000188,372.01,success,2022-10-25,3519
189,8,TX-00000189,37.02,declined,2024-09-12,8861
190,117,TX-00000190,253.2,failed,2024-05-01,1095
191,85,TX-00000191,388.06,declined,2024-06-28,8423
192,84,TX-00000192,379.23,declined,2024-03-11,3118
193,55,TX-00000193,346.0,declined,2022-08-03,6294
194,205,TX-00000194,26.94,success,2024-01-26,7248
195,24,TX-00000195,162.55,success,2022-05-07,7535
196,23,TX-00000196,13.1,success,2021-11-30,7365
197,200,TX-00000197,163.95,declined,2025-03-22,3525
198,31,TX-00000198,122.93,failed,2025-02-16,6080
199,232,TX-00000199,275.56,success,2023-01-06,2574
200,214,TX-00000200,150.15,success,2023-09-30,8298
201,227,TX-00000201,158.3,failed,2024-02-28,7931
202,24,TX-00000202,303.81,failed,2024-06-11,4053
203,112,TX-00000203,254.12,success,2021-03-24,9410
204,88,TX-00000204,389.44,declined,2022-04-05,3540
205,239,TX-00000205,200.65,declined,2024-08-18,9596
206,22,TX-00000206,119.83,failed,2021-06-12,8825
207,77,TX-00000207,63.7,success,2024-11-02,5921
208,216,TX-00000208,103.22,failed,2022-08-29,1781
209,142,TX-00000209,35.23,success,2023-11-18,2763
210,131,TX-00000210,172.84,success,2023-08-10,5151
211,91,TX-00000211,105.67,success,2025-04-24,9248
212,5,TX-00000212,50.0,declined,2023-08-06,3941
213,202,TX-00000213,76.97,failed,2021-04-03,2364
214,107,TX-00000214,351.32,failed,2022-10-05,8454
215,194,TX-00000215,269.75,declined,2022-06-27,6592
216,248,TX-00000216,367.65,success,2022-03-09,4032
217,21,TX-00000217,300.08,declined,2022-06-16,2742
218,112,TX-00000218,216.08,success,2023-03-20,2911
219,4,TX-00000219,72.84,failed,2023-08-01,7637
220,223,TX-00000220,264.8,declined,2024-05-17,8974
221,78,TX-00000221,249.31,declined,2023-01-09,7471
222,206,TX-00000222,124.55,success,2021-10-04,1227
223,49,TX-00000223,49.21,success,2024-11-26,4083
224,220,TX-00000224,15.59,failed,2024-08-21,3378
225,167,TX-00000225,100.5,declined,2024-01-09,4127
226,23,TX-00000226,123.86,failed,2021-10-31,8765
227,109,TX-00000227,13.62,success,2021-11-09,8295
228,247,TX-00000228,196.59,success,2023-07-10,4975
229,52,TX-00000229,121.46,failed,2021-04-15,6469
230,3,TX-00000230,45.55,declined,2023-06-04,7810
231,218,TX-00000231,200.8,declined,2024-05-05,5764
232,10,TX-00000232,197.56,failed,2023-11-18,8993
233,60,TX-00000233,287.14,declined,2021-02-08,7914
234,148,TX-00000234,129.76,success,2022-07-03,7834
235,228,TX-00000235,191.97,failed,2024-06-29,6681
236,115,TX-00000236,280.52,success,2021-11-27,5718
237,186,TX-00000237,80.92,failed,2023-06-17,4802
238,130,TX-00000238,91.78,declined,2022-11-26,8675
239,34,TX-00000239,353.85,declined,2024-12-27,7395
240,246,TX-00000240,169.66,declined,2024-08-29,6902
241,204,TX-00000241,191.57,success,2024-06-27,4394
242,73,TX-00000242,277.83,success,2024-09-28,8911
243,34,TX-00000243,73.45,success,2024-05-25,9063
244,26,TX-00000244,318.43,failed,2022-09-14,4845
245,54,TX-00000245,224.95,success,2023-01-05,5273
246,92,TX-00000246,272.39,success,2023-10-29,1523
247,207,TX-00000247,30.15,failed,2021-08-22,4714
248,31,TX-00000248,226.98,failed,2022-06-13,6575
249,201,TX-00000249,145.32,success,2025-04-27,5382
250,230,TX-00000250,64.72,declined,2023-11-22,2706
251,181,TX-00000251,24.92,failed,2023-07-26,2817
252,250,TX-00000252,46.83,declined,2024-06-02,2669
253,211,TX-00000253,227.18,declined,2021-08-04,3736
254,162,TX-00000254,51.63,success,2023-01-11,3572
255,187,TX-00000255,120.39,failed,2025-04-10,9288
256,128,TX-00000256,294.36,success,2021-11-12,6959
257,86,TX-00000257,328.57,success,2022-02-18,8194
258,249,TX-00000258,169.22,success,2022-05-18,8760
259,88,TX-00000259,118.27,success,2021-06-24,5358
260,96,TX-00000260,287.5,failed,2023-01-09,5021
261,39,TX-00000261,302.52,declined,2023-05-14,4738
262,36,TX-00000262,321.7,failed,2023-04-19,8516
263,244,TX-00000263,341.69,declined,2023-01-11,1487
264,114,TX-00000264,62.51,success,2025-01-09,9476
265,242,TX-00000265,32.48,failed,2022-10-07,7580
266,198,TX-00000266,69.91,success,2023-03-17,1607
267,170,TX-00000267,369.39,success,2024-03-22,1947
268,162,TX-00000268,392.12,declined,2023-12-01,5845
269,108,TX-00000269,163.79,declined,2024-12-06,5986
270,185,TX-00000270,298.37,failed,2021-01-17,5583
271,231,TX-00000271,213.48,success,2024-12-05,7618
272,115,TX-00000272,259.33,declined,2024-07-02,8244
273,179,TX-00000273,141.37,declined,2023-04-09,4232
274,226,TX-00000274,124.1,success,2024-01-06,6480
275,100,TX-00000275,291.41,declined,2021-09-16,9527
276,139,TX-00000276,117.15,success,2023-11-14,6115
277,134,TX-00000277,139.58,declined,2021-11-24,1383
278,8,TX-00000278,356.68,declined,2024-04-28,5238
279,62,TX-00000279,333.73,failed,2025-01-27,7926
280,130,TX-00000280,48.62,success,2023-02-03,5255
281,161,TX-00000281,205.46,success,2021-04-08,3043
282,115,TX-00000282,122.69,declined,2021-01-11,8424
283,87,TX-00000283,393.27,declined,2024-04-06,9737
284,217,TX-00000284,240.24,failed,2022-09-05,5661
285,171,TX-00000285,314.99,declined,2024-03-19,3293
286,183,TX-00000286,154.18,declined,2022-05-23,2724
287,84,TX-00000287,209.0,success,2025-05-14,6919
288,117,TX-00000288,43.71,declined,2023-05-22,7751
289,21,TX-00000289,41.44,failed,2021-09-24,8802
290,55,TX-00000290,181.23,failed,2024-10-18,9622
291,104,TX-00000291,237.35,declined,2025-05-15,7468
292,224,TX-00000292,109.16,failed,2024-07-27,7937
293,113,TX-00000293,277.16,failed,2025-02-07,7830
294,211,TX-00000294,69.32,declined,2021-09-18,8942
295,183,TX-00000295,185.8,declined,2023-11-18,9669
296,31,TX-00000296,279.32,failed,2023-08-28,1534
297,192,TX-00000297,66.95,declined,2023-01-27,2945
298,155,TX-00000298,341.67,success,2021-09-05,7055
299,147,TX-00000299,119.39,declined,2021-11-10,2929
300,96,TX-00000300,125.45,failed,2022-09-14,5816
301,125,TX-00000301,16.05,success,2021-10-19,7910
302,13,TX-00000302,375.04,failed,2022-08-04,4532
303,47,TX-00000303,328.55,failed,2021-01-05,3004
304,141,TX-00000304,142.72,success,2023-05-06,8883
305,147,TX-00000305,127.33,failed,2022-11-23,7181
306,122,TX-00000306,334.61,declined,2021-09-29,3269
307,130,TX-00000307,256.4,failed,2024-09-28,8357
308,39,TX-00000308,347.21,failed,2021-07-02,7711
309,100,TX-00000309,96.96,failed,2022-11-26,9863
310,12,TX-00000310,383.44,failed,2025-02-16,5544
311,166,TX-00000311,39.97,success,2024-12-19,1406
312,147,TX-00000312,253.89,declined,2022-09-25,3028
313,165,TX-00000313,225.94,success,2024-06-21,9877
314,148,TX-00000314,304.26,declined,2023-12-05,4103
315,193,TX-00000315,192.96,success,2021-09-04,9713
316,47,TX-00000316,385.14,failed,2022-02-26,5018
317,213,TX-00000317,283.72,declined,2023-06-29,2386
318,207,TX-00000318,215.75,failed,2023-04-03,1737
319,126,TX-00000319,345.48,success,2022-11-28,8160
320,47,TX-00000320,168.9,declined,2022-10-12,7258
321,66,TX-00000321,40.95,success,2024-01-15,3755
322,74,TX-00000322,61.89,failed,2025-04-23,2468
323,40,TX-00000323,126.18,failed,2024-10-21,3772
324,16,TX-00000324,247.72,failed,2022-01-07,1445
325,183,TX-00000325,28.11,failed,2021-07-22,6243
326,37,TX-00000326,168.07,failed,2022-06-13,7152
327,242,TX-00000327,331.96,success,2021-04-17,4318
328,62,TX-00000328,302.09,declined,2022-04-30,9076
329,131,TX-00000329,302.19,failed,2021-08-24,5412
330,16,TX-00000330,130.74,declined,2023-04-14,2072
331,124,TX-00000331,16.42,declined,2022-04-24,1305
332,69,TX-00000332,223.86,declined,2024-10-14,2663
333,64,TX-00000333,306.38,declined,2021-09-15,5990
334,146,TX-00000334,165.66,success,2024-07-26,9199
335,53,TX-00000335,314.24,success,2023-02-04,9854
336,44,TX-00000336,313.9,declined,2023-05-18,8401
337,11,TX-00000337,5.4,failed,2024-06-25,5739
338,168,TX-00000338,388.97,success,2021-05-04,8900
339,70,TX-00000339,241.16,declined,2023-02-18,6757
340,216,TX-00000340,254.72,declined,2023-11-12,5609
341,12,TX-00000341,68.76,declined,2024-02-28,2145
342,77,TX-00000342,40.44,declined,2021-09-09,3288
343,186,TX-00000343,224.81,failed,2023-06-04,4454
344,157,TX-00000344,204.4,failed,2024-10-28,6613
345,163,TX-00000345,108.24,declined,2023-07-17,5473
346,63,TX-00000346,266.6,failed,2022-12-01,4450
347,118,TX-00000347,383.8,failed,2021-02-02,3190
348,166,TX-00000348,369.29,declined,2023-09-03,1070
349,231,TX-00000349,8.78,success,2023-04-27,9011
350,196,TX-00000350,160.15,success,2024-08-22,2270
351,138,TX-00000351,17.22,declined,2023-07-01,3022
352,91,TX-00000352,388.96,failed,2024-05-16,6864
353,100,TX-00000353,74.99,declined,2021-01-18,3044
354,119,TX-00000354,151.34,success,2023-06-30,1153
355,57,TX-00000355,298.54,failed,2024-10-25,6862
356,50,TX-00000356,40.54,declined,2024-07-04,5967
357,207,TX-00000357,288.53,success,2023-10-09,6947
358,10,TX-00000358,115.9,declined,2024-12-18,4425
359,2,TX-00000359,82.45,declined,2023-03-23,2817
360,223,TX-00000360,114.55,declined,2023-10-09,3793
361,142,TX-00000361,81.54,declined,2024-03-04,3875
362,17,TX-00000362,237.33,declined,2021-05-14,3087
363,67,TX-00000363,373.76,success,2023-12-08,5494
364,50,TX-00000364,339.83,success,2024-11-20,9731
365,158,TX-00000365,104.9,declined,2023-07-19,1032
366,241,TX-00000366,173.71,declined,2024-08-24,1849
367,219,TX-00000367,375.81,failed,2023-04-14,5489
368,32,TX-00000368,273.67,failed,2023-10-12,6922
369,133,TX-00000369,304.81,declined,2022-04-05,1769
370,72,TX-00000370,367.76,declined,2023-07-09,6181
371,2,TX-00000371,159.78,failed,2021-06-17,1415
372,189,TX-00000372,94.12,declined,2023-05-18,2219
373,235,TX-00000373,103.74,success,2022-11-06,6092
374,17,TX-00000374,252.27,success,2021-02-27,8863
375,111,TX-00000375,324.18,declined,2024-07-06,6477
376,216,TX-00000376,103.91,success,2023-08-28,4905
377,246,TX-00000377,139.62,success,2022-11-15,9514
378,204,TX-00000378,98.51,success,2025-05-08,8184
379,196,TX-00000379,42.79,failed,2024-03-31,3045
380,22,TX-00000380,389.94,success,2023-02-12,6132
381,228,TX-00000381,339.84,success,2021-09-19,2015
382,236,TX-00000382,321.94,success,2022-09-10,8075
383,17,TX-00000383,45.22,success,2024-02-20,1855
384,76,TX-00000384,340.72,failed,2021-07-16,7735
385,60,TX-00000385,346.51,declined,2024-07-01,1173
386,117,TX-00000386,156.65,failed,2024-06-24,2659
387,87,TX-00000387,262.11,declined,2021-02-23,8439
388,133,TX-00000388,134.64,success,2021-08-10,2682
389,4,TX-00000389,240.09,success,2024-04-29,4172
390,232,TX-00000390,231.42,declined,2023-11-09,5198
391,91,TX-00000391,171.3,declined,2024-06-25,8284
392,48,TX-00000392,101.05,success,2021-05-04,3091
393,80,TX-00000393,235.89,declined,2024-08-27,6861
394,80,TX-00000394,235.55,declined,2025-05-08,3385
395,38,TX-00000395,190.46,declined,2022-12-04,5768
396,95,TX-00000396,388.26,declined,2024-04-16,3369
397,15,TX-00000397,98.77,declined,2021-04-22,7915
398,89,TX-00000398,82.19,success,2024-08-04,4297
399,202,TX-00000399,32.02,success,2024-09-29,8794
400,178,TX-00000400,278.28,failed,2024-05-13,6425
401,219,TX-00000401,233.47,failed,2024-06-15,5909
402,108,TX-00000402,134.8,success,2023-07-20,1691
403,127,TX-00000403,91.67,success,2024-08-01,4654
404,178,TX-00000404,95.96,declined,2022-03-13,4916
405,124,TX-00000405,295.16,failed,2025-02-24,7158
406,53,TX-00000406,163.12,success,2023-01-14,1162
407,19,TX-00000407,146.37,declined,2021-08-24,3333
408,75,TX-00000408,178.96,declined,2024-04-14,6896
409,12,TX-00000409,390.25,success,2022-02-10,5654
410,45,TX-00000410,91.48,failed,2025-01-12,3855
411,87,TX-00000411,339.78,success,2022-01-01,4211
412,6,TX-00000412,74.55,failed,2021-07-27,1343
413,213,TX-00000413,272.59,failed,2024-09-03,2818
414,87,TX-00000414,374.77,failed,2023-07-24,4934
415,95,TX-00000415,324.75,declined,2021-12-17,9633
416,205,TX-00000416,399.09,failed,2024-12-27,2071
417,31,TX-00000417,62.05,success,2022-01-24,4140
418,137,TX-00000418,154.39,failed,2022-10-14,8037
419,163,TX-00000419,101.6,success,2025-04-12,4098
420,219,TX-00000420,216.51,success,2022-11-03,5049
421,14,TX-00000421,253.64,failed,2021-09-16,9327
422,248,TX-00000422,235.71,failed,2022-03-05,2333
423,201,TX-00000423,190.91,declined,2024-06-13,2062
424,43,TX-00000424,205.9,declined,2025-03-19,9342
425,96,TX-00000425,201.94,failed,2022-01-02,6272
426,183,TX-00000426,152.68,declined,2023-09-17,9106
427,122,TX-00000427,110.99,failed,2024-07-30,1599
428,54,TX-00000428,91.71,success,2023-07-15,4840
429,102,TX-00000429,91.34,failed,2023-02-12,3575
430,240,TX-00000430,337.76,failed,2024-02-02,2388
431,35,TX-00000431,301.89,failed,2023-06-30,9500
432,91,TX-00000432,95.92,success,2023-08-11,9392
433,160,TX-00000433,137.87,failed,2023-08-16,8086
434,105,TX-00000434,150.17,failed,2022-10-12,5473
435,98,TX-00000435,14.76,failed,2022-04-24,5351
436,166,TX-00000436,34.98,success,2022-08-27,9220
437,132,TX-00000437,220.93,success,2022-07-21,4731
438,26,TX-00000438,51.84,failed,2021-03-20,9946
439,52,TX-00000439,136.83,declined,2022-11-06,5096
440,78,TX-00000440,299.36,declined,2022-07-17,4123
441,181,TX-00000441,243.59,success,2025-03-21,9898
442,234,TX-00000442,108.15,failed,2022-08-01,6679
443,201,TX-00000443,398.75,failed,2024-04-02,1194
444,121,TX-00000444,263.37,success,2023-03-26,4728
445,59,TX-00000445,290.72,success,2023-08-30,4829
446,133,TX-00000446,236.87,declined,2025-04-01,8679
447,185,TX-00000447,326.69,failed,2021-06-25,6129
448,217,TX-00000448,79.2,declined,2023-05-06,4433
449,113,TX-00000449,182.74,declined,2021-03-03,7139
450,36,TX-00000450,233.12,success,2022-09-18,1158
451,128,TX-00000451,325.11,failed,2022-11-27,4694
452,108,TX-00000452,173.16,failed,2025-04-12,9808
453,77,TX-00000453,133.8,success,2024-03-08,1527
454,237,TX-00000454,59.96,failed,2024-03-09,7404
455,98,TX-00000455,85.66,failed,2021-05-11,9757
456,99,TX-00000456,79.39,success,2022-11-05,8397
457,164,TX-00000457,358.42,success,2021-12-18,2709
458,173,TX-00000458,223.4,success,2024-11-12,9005
459,7,TX-00000459,78.74,success,2023-03-02,5650
460,53,TX-00000460,97.05,declined,2023-12-10,2146
461,117,TX-00000461,27.69,declined,2021-01-23,3815
462,84,TX-00000462,344.58,failed,2023-03-12,3572
463,29,TX-00000463,56.01,failed,2023-09-07,2126
464,100,TX-00000464,382.26,success,2021-09-24,4369
465,80,TX-00000465,175.72,declined,2024-09-23,8778
466,41,TX-00000466,243.47,failed,2024-04-18,4325
467,129,TX-00000467,288.12,failed,2022-07-19,4304
468,2,TX-00000468,396.48,failed,2021-05-12,7541
469,155,TX-00000469,323.99,declined,2022-11-05,9043
470,118,TX-00000470,187.76,success,2025-02-18,2492
471,74,TX-00000471,260.29,failed,2022-12-12,5873
472,101,TX-00000472,247.15,success,2023-05-01,5081
473,46,TX-00000473,360.49,declined,2023-06-04,8501
474,99,TX-00000474,364.78,success,2024-12-01,2565
475,101,TX-00000475,280.96,success,2022-05-06,3587
476,71,TX-00000476,353.61,declined,2022-08-21,2093
477,179,TX-00000477,291.98,success,2023-10-08,7738
478,196,TX-00000478,223.37,failed,2021-06-06,2723
479,130,TX-00000479,307.78,failed,2023-04-20,8388
480,43,TX-00000480,104.84,declined,2021-04-02,8572
481,7,TX-00000481,33.91,declined,2024-10-15,8567
482,98,TX-00000482,140.74,failed,2022-02-03,7499
483,10,TX-00000483,9.24,success,2024-12-23,3236
484,84,TX-00000484,269.77,failed,2023-09-20,8558
485,18,TX-00000485,37.61,declined,2022-05-12,8171
486,36,TX-00000486,190.96,failed,2021-11-27,3794
487,215,TX-00000487,12.14,success,2021-12-29,5819
488,32,TX-00000488,216.19,failed,2021-12-11,2271
489,172,TX-00000489,306.62,declined,2022-07-14,3514
490,113,TX-00000490,146.44,success,2025-01-03,1564
491,229,TX-00000491,271.64,success,2023-06-25,1782
492,215,TX-00000492,255.74,declined,2024-08-05,2684
493,100,TX-00000493,277.69,failed,2021-04-18,1076
494,13,TX-00000494,310.1,success,2022-05-27,7138
495,233,TX-00000495,99.22,success,2021-02-02,7908
496,8,TX-00000496,395.77,failed,2022-01-29,2035
497,57,TX-00000497,383.7,success,2024-09-22,3750
498,186,TX-00000498,70.98,failed,2023-11-16,2764
499,209,TX-00000499,134.22,declined,2024-07-07,4105
500,160,TX-00000500,86.81,declined,2023-03-21,8010
501,31,TX-00000501,96.8,success,2023-01-01,6298
502,45,TX-00000502,10.92,declined,2022-10-10,1196
503,100,TX-00000503,89.04,success,2021-05-16,5562
504,167,TX-00000504,251.44,success,2021-05-18,4580
505,106,TX-00000505,124.11,declined,2023-10-21,2668
506,183,TX-00000506,216.79,declined,2021-12-18,5127
507,246,TX-00000507,42.42,failed,2024-07-16,7366
508,174,TX-00000508,370.2,declined,2021-09-30,6440
509,45,TX-00000509,255.96,declined,2022-10-14,8899
510,18,TX-00000510,137.37,declined,2024-04-13,8354
511,98,TX-00000511,206.86,declined,2022-04-22,9248
512,151,TX-00000512,283.33,success,2022-04-22,1347
513,158,TX-00000513,304.78,success,2022-09-25,4873
514,189,TX-00000514,174.26,success,2024-06-23,2300
515,16,TX-00000515,59.33,failed,2022-08-31,4309
516,39,TX-00000516,153.42,declined,2021-03-19,4900
517,237,TX-00000517,291.5,failed,2025-02-22,6385
518,35,TX-00000518,114.86,declined,2025-04-07,1648
519,134,TX-00000519,317.75,failed,2024-08-20,5726
520,193,TX-00000520,14.36,declined,2022-11-10,6615
521,63,TX-00000521,86.3,success,2024-09-23,5068
522,206,TX-00000522,276.5,declined,2022-04-01,7250
523,134,TX-00000523,132.05,failed,2024-07-13,1099
524,17,TX-00000524,348.6,success,2022-01-30,1853
525,163,TX-00000525,396.84,success,2021-09-15,2503
526,45,TX-00000526,239.09,success,2022-04-29,9313
527,21,TX-00000527,173.36,failed,2022-09-30,3689
528,185,TX-00000528,83.03,failed,2021-12-28,5079
529,78,TX-00000529,117.71,failed,2024-07-25,4299
530,70,TX-00000530,345.66,failed,2021-06-13,6891
531,102,TX-00000531,154.2,failed,2023-06-23,7925
532,130,TX-00000532,245.71,failed,2025-04-07,3553
533,210,TX-00000533,381.73,failed,2021-02-10,7249
534,110,TX-00000534,342.35,failed,2024-05-03,9801
535,40,TX-00000535,223.38,success,2022-06-11,7233
536,119,TX-00000536,125.81,failed,2023-02-08,8878
537,19,TX-00000537,136.63,declined,2023-08-20,4206
538,40,TX-00000538,366.87,success,2021-01-27,9203
539,187,TX-00000539,291.51,failed,2023-04-09,7812
540,241,TX-00000540,160.89,declined,2023-02-04,7292
541,126,TX-00000541,126.59,declined,2021-05-26,7697
542,227,TX-00000542,20.34,success,2023-02-28,3660
543,50,TX-00000543,306.37,failed,2025-04-29,6711
544,131,TX-00000544,285.11,declined,2024-11-11,7032
545,179,TX-00000545,27.79,failed,2023-05-19,5043
546,63,TX-00000546,193.7,failed,2024-07-16,1462
547,179,TX-00000547,267.94,success,2022-06-20,8462
548,242,TX-00000548,274.02,failed,2022-05-22,3644
549,4,TX-00000549,51.11,success,2024-08-12,7297
550,102,TX-00000550,283.9,success,2023-11-28,4093
551,225,TX-00000551,172.06,failed,2022-06-02,5951
552,129,TX-00000552,387.23,declined,2023-02-23,6045
553,188,TX-00000553,167.59,declined,2021-07-02,2790
554,163,TX-00000554,231.18,failed,2021-10-20,5407
555,192,TX-00000555,87.76,declined,2023-03-27,6047
556,2,TX-00000556,394.88,failed,2021-01-04,2587
557,18,TX-00000557,310.63,failed,2023-12-12,7829
558,168,TX-00000558,118.89,failed,2021-12-16,3890
559,96,TX-00000559,78.63,success,2022-02-10,8970
560,47,TX-00000560,203.53,success,2023-07-12,4482
561,48,TX-00000561,84.37,declined,2022-01-10,4143
562,67,TX-00000562,393.26,failed,2023-06-22,2789
563,223,TX-00000563,256.39,success,2022-08-24,2404
564,97,TX-00000564,54.25,success,2022-12-02,1486
565,150,TX-00000565,97.74,failed,2024-10-09,2651
566,3,TX-00000566,29.12,success,2024-09-24,1685
567,25,TX-00000567,88.37,success,2023-02-09,9520
568,247,TX-00000568,305.74,failed,2023-08-28,6521
569,155,TX-00000569,174.63,failed,2024-10-28,6620
570,81,TX-00000570,327.65,failed,2024-09-24,7528
571,97,TX-00000571,246.27,failed,2022-11-08,2641
572,1,TX-00000572,185.48,declined,2023-04-03,3275
573,7,TX-00000573,242.75,declined,2022-07-27,5072
574,95,TX-00000574,183.51,declined,2024-09-11,8785
575,132,TX-00000575,168.19,success,2021-01-07,6278
576,5,TX-00000576,255.34,success,2025-02-15,6333
577,174,TX-00000577,180.5,declined,2023-09-20,7556
578,190,TX-00000578,246.97,success,2022-12-15,8010
579,241,TX-00000579,372.94,failed,2024-09-10,2645
580,188,TX-00000580,157.02,declined,2022-02-04,3345
581,223,TX-00000581,210.42,declined,2025-01-07,9267
582,9,TX-00000582,55.51,success,2022-09-10,9990
583,224,TX-00000583,189.39,failed,2021-08-25,8899
584,170,TX-00000584,218.56,success,2022-03-10,3792
585,193,TX-00000585,377.96,declined,2021-07-03,2728
586,112,TX-00000586,397.38,success,2021-11-25,6349
587,232,TX-00000587,156.48,failed,2022-03-28,5220
588,171,TX-00000588,193.14,declined,2021-09-10,3224
589,237,TX-00000589,216.14,declined,2023-10-05,2481
590,204,TX-00000590,278.25,success,2024-03-25,2059
591,165,TX-00000591,140.57,declined,2025-03-02,7252
592,168,TX-00000592,258.63,declined,2023-06-14,4823
593,58,TX-00000593,107.34,failed,2021-06-29,2824
594,23,TX-00000594,139.39,declined,2022-01-21,2902
595,147,TX-00000595,150.26,failed,2023-02-18,1027
596,80,TX-00000596,29.44,declined,2022-01-24,7359
597,109,TX-00000597,131.26,failed,2024-10-23,3069
598,134,TX-00000598,267.18,declined,2022-03-31,2746
599,102,TX-00000599,8.63,failed,2022-10-10,3370
600,209,TX-00000600,377.44,success,2023-10-21,8467
601,38,TX-00000601,242.58,success,2025-03-10,1562
602,154,TX-00000602,131.46,declined,2024-11-11,3022
603,71,TX-00000603,398.76,declined,2024-03-21,8836
604,162,TX-00000604,332.33,failed,2022-08-20,7171
605,16,TX-00000605,392.55,failed,2021-11-09,4450
606,218,TX-00000606,294.4,success,2024-12-05,1861
607,237,TX-00000607,346.85,success,2023-09-26,7419
608,77,TX-00000608,393.83,declined,2021-11-23,1353
609,141,TX-00000609,159.95,failed,2024-10-20,8756
610,90,TX-00000610,304.3,failed,2021-05-28,9648
611,187,TX-00000611,116.8,declined,2022-02-04,9978
612,101,TX-00000612,43.44,failed,2025-03-21,1886
613,218,TX-00000613,374.16,failed,2023-07-27,3681
614,148,TX-00000614,59.34,declined,2023-09-16,5769
615,230,TX-00000615,62.21,success,2025-03-13,4205
616,189,TX-00000616,262.24,failed,2025-01-26,2670
617,174,TX-00000617,315.27,success,2023-02-11,7997
618,174,TX-00000618,337.46,success,2021-07-16,6825
619,250,TX-00000619,192.18,success,2021-08-29,9444
620,167,TX-00000620,138.7,failed,2021-11-01,7619
621,63,TX-00000621,18.43,success,2023-03-24,9005
622,78,TX-00000622,276.75,success,2024-08-29,7150
623,199,TX-00000623,278.26,declined,2024-09-10,2468
624,200,TX-00000624,188.15,declined,2023-02-22,5509
625,162,TX-00000625,263.01,failed,2021-01-24,2966
626,30,TX-00000626,37.64,failed,2024-08-06,9351
627,58,TX-00000627,14.1,declined,2024-03-18,8856
628,71,TX-00000628,279.02,success,2024-04-29,3967
629,99,TX-00000629,196.26,declined,2024-12-10,8105
630,77,TX-00000630,230.71,success,2022-10-29,2040
631,183,TX-00000631,364.01,declined,2022-01-14,7640
632,209,TX-00000632,281.79,failed,2024-02-13,9788
633,201,TX-00000633,325.82,failed,2021-05-11,9501
634,215,TX-00000634,235.97,declined,2024-08-27,3033
635,193,TX-00000635,302.43,declined,2021-08-29,3960
636,221,TX-00000636,241.65,success,2021-01-11,8327
637,205,TX-00000637,129.15,success,2021-09-21,4378
638,168,TX-00000638,68.68,declined,2022-06-10,1573
639,22,TX-00000639,392.07,declined,2022-09-04,6956
640,248,TX-00000640,220.05,failed,2024-09-09,1001
641,64,TX-00000641,123.74,declined,2022-08-24,9750
642,114,TX-00000642,60.24,failed,2024-11-24,6127
643,134,TX-00000643,364.76,failed,2024-05-26,9818
644,131,TX-00000644,87.89,success,2024-09-19,1732
645,61,TX-00000645,19.51,success,2022-09-06,4526
646,246,TX-00000646,58.01,declined,2022-03-19,6882
647,72,TX-00000647,55.75,declined,2023-05-15,2218
648,141,TX-00000648,105.71,failed,2024-08-23,3675
649,103,TX-00000649,185.15,failed,2024-10-17,7968
650,241,TX-00000650,279.33,declined,2022-02-22,2156
651,162,TX-00000651,294.41,declined,2024-11-28,4156
652,183,TX-00000652,152.0,declined,2024-08-19,9379
653,155,TX-00000653,69.8,success,2022-10-10,8104
654,98,TX-00000654,15.23,declined,2022-05-22,2270
655,70,TX-00000655,54.23,success,2024-11-01,9984
656,105,TX-00000656,31.05,declined,2021-07-02,6944
657,233,TX-00000657,136.74,failed,2021-10-27,4698
658,71,TX-00000658,8.9,failed,2022-04-01,7203
659,244,TX-00000659,46.48,success,2021-12-26,9625
660,187,TX-00000660,350.83,declined,2023-09-30,2565
661,136,TX-00000661,142.82,declined,2022-08-01,5440
662,156,TX-00000662,44.13,success,2021-12-16,6210
663,243,TX-00000663,301.99,success,2022-12-08,9711
664,142,TX-00000664,239.87,failed,2023-09-04,3090
665,67,TX-00000665,8.75,declined,2024-12-31,3547
666,169,TX-00000666,54.92,failed,2024-03-08,5380
667,14,TX-00000667,367.78,declined,2023-01-29,5081
668,174,TX-00000668,245.44,declined,2023-07-27,3999
669,113,TX-00000669,394.57,failed,2023-10-26,5699
670,71,TX-00000670,381.28,declined,2025-01-11,4748
671,79,TX-00000671,256.08,success,2022-09-18,7660
672,198,TX-00000672,128.53,success,2024-07-23,2302
673,20,TX-00000673,293.33,success,2021-12-05,1940
674,22,TX-00000674,298.65,declined,2023-10-07,1175
675,247,TX-00000675,379.62,declined,2023-11-08,3235
676,123,TX-00000676,201.63,declined,2024-10-18,9722
677,179,TX-00000677,54.25,success,2024-06-16,4115
678,234,TX-00000678,333.4,success,2025-01-02,7962
679,180,TX-00000679,216.06,failed,2022-05-16,9652
680,176,TX-00000680,245.63,declined,2023-07-08,3761
681,173,TX-00000681,372.42,declined,2022-04-06,3864
682,20,TX-00000682,149.99,success,2023-11-19,6788
683,244,TX-00000683,25.11,failed,2023-02-16,3793
684,96,TX-00000684,388.04,failed,2024-10-22,5092
685,213,TX-00000685,217.95,success,2022-08-18,5901
686,124,TX-00000686,120.95,success,2021-01-05,7449
687,56,TX-00000687,369.61,declined,2023-11-22,1580
688,240,TX-00000688,187.91,declined,2023-09-27,1942
689,92,TX-00000689,7.33,failed,2022-11-04,5888
690,91,TX-00000690,47.33,failed,2025-01-19,4050
691,103,TX-00000691,145.04,success,2023-06-02,9061
692,51,TX-00000692,38.47,declined,2021-11-11,7729
693,32,TX-00000693,365.68,success,2021-11-15,5098
694,58,TX-00000694,190.93,failed,2022-09-05,6971
695,110,TX-00000695,357.42,declined,2022-07-06,2780
696,113,TX-00000696,264.23,failed,2021-11-28,3291
697,91,TX-00000697,300.1,success,2023-01-06,4251
698,29,TX-00000698,79.88,success,2021-10-01,7464
699,108,TX-00000699,298.85,success,2021-11-25,4260
700,243,TX-00000700,194.32,declined,2022-06-29,2946
701,108,TX-00000701,198.18,failed,2024-10-28,3087
702,84,TX-00000702,301.68,failed,2023-10-25,7370
703,34,TX-00000703,48.34,success,2021-02-13,3066
704,40,TX-00000704,140.93,success,2025-04-21,4874
705,14,TX-00000705,272.93,failed,2023-05-30,1131
706,112,TX-00000706,194.68,failed,2023-09-23,2353
707,195,TX-00000707,174.44,declined,2021-11-09,9376
708,48,TX-00000708,103.54,success,2022-06-24,5052
709,171,TX-00000709,329.14,success,2023-08-29,2688
710,180,TX-00000710,293.53,declined,2022-01-07,4091
711,219,TX-00000711,238.52,declined,2021-11-01,4758
712,31,TX-00000712,57.26,success,2022-07-15,4148
713,238,TX-00000713,62.75,success,2024-06-16,4270
714,24,TX-00000714,346.42,failed,2023-04-15,9601
715,79,TX-00000715,281.56,success,2022-03-31,6507
716,110,TX-00000716,194.28,declined,2023-05-25,1846
717,78,TX-00000717,48.47,failed,2022-07-29,6751
718,183,TX-00000718,170.14,failed,2021-04-08,3977
719,11,TX-00000719,5.21,declined,2025-03-06,6269
720,55,TX-00000720,117.7,failed,2024-05-27,2650
721,111,TX-00000721,78.01,failed,2023-01-15,6476
722,78,TX-00000722,49.05,declined,2021-01-28,3134
723,85,TX-00000723,147.42,failed,2025-03-02,9664
724,155,TX-00000724,151.78,declined,2022-07-20,4441
725,150,TX-00000725,156.7,success,2021-09-25,2971
726,11,TX-00000726,236.69,declined,2022-01-26,4160
727,181,TX-00000727,181.08,success,2021-06-03,9955
728,159,TX-00000728,140.44,declined,2023-08-30,4309
729,137,TX-00000729,289.7,success,2021-09-19,4140
730,108,TX-00000730,222.45,failed,2025-04-05,6690
731,230,TX-00000731,149.57,declined,2025-01-09,2923
732,234,TX-00000732,177.27,failed,2023-05-09,9581
733,239,TX-00000733,381.22,success,2021-12-08,5491
734,179,TX-00000734,387.16,failed,2021-04-04,1996
735,204,TX-00000735,389.13,success,2025-02-25,7512
736,127,TX-00000736,275.45,declined,2021-06-03,3711
737,113,TX-00000737,301.54,failed,2024-02-26,7393
738,103,TX-00000738,244.85,success,2022-01-12,1058
739,41,TX-00000739,230.9,declined,2024-11-27,1145
740,226,TX-00000740,371.81,declined,2023-07-22,9254
741,182,TX-00000741,289.63,failed,2022-09-14,4609
742,76,TX-00000742,284.76,declined,2021-09-01,3803
743,58,TX-00000743,23.02,success,2022-08-21,1640
744,164,TX-00000744,63.52,failed,2021-09-30,5430
745,224,TX-00000745,317.3,declined,2022-05-25,4440
746,137,TX-00000746,50.89,declined,2022-12-13,7047
747,84,TX-00000747,37.88,declined,2024-01-30,5326
748,185,TX-00000748,57.78,declined,2022-08-27,6318
749,15,TX-00000749,252.25,success,2022-12-30,4592
750,188,TX-00000750,386.26,success,2022-06-09,1256
751,138,TX-00000751,264.64,declined,2021-08-06,7258
752,243,TX-00000752,263.26,declined,2024-07-23,4377
753,210,TX-00000753,179.66,failed,2022-07-05,4341
754,149,TX-00000754,253.77,failed,2021-11-15,8308
755,60,TX-00000755,293.28,failed,2023-01-25,3430
756,231,TX-00000756,194.21,failed,2022-01-07,8526
757,48,TX-00000757,327.16,success,2022-01-22,9036
758,242,TX-00000758,293.14,declined,2022-08-01,1344
759,80,TX-00000759,69.35,success,2023-03-19,4077
760,18,TX-00000760,61.69,failed,2022-05-18,8455
761,233,TX-00000761,259.82,failed,2021-07-25,9630
762,36,TX-00000762,292.07,success,2024-05-20,2633
763,97,TX-00000763,156.68,success,2021-01-28,1716
764,34,TX-00000764,103.1,success,2022-07-03,3336
765,241,TX-00000765,252.82,success,2021-01-20,2742
766,139,TX-00000766,295.77,failed,2024-12-19,2392
767,52,TX-00000767,60.0,declined,2023-06-29,3672
768,79,TX-00000768,136.04,success,2022-05-15,1915
769,140,TX-00000769,278.36,declined,2024-01-19,3016
770,6,TX-00000770,330.85,success,2024-01-21,5861
771,27,TX-00000771,207.06,failed,2021-10-18,1019
772,234,TX-00000772,93.6,success,2023-05-25,7314
773,38,TX-00000773,144.56,failed,2022-04-08,7303
774,176,TX-00000774,354.27,success,2023-10-05,3778
775,29,TX-00000775,93.69,failed,2023-01-02,2249
776,158,TX-00000776,136.82,failed,2021-06-23,1710
777,155,TX-00000777,64.69,failed,2023-12-23,6486
778,154,TX-00000778,76.64,failed,2021-11-04,5940
779,160,TX-00000779,327.94,failed,2021-08-01,5441
780,235,TX-00000780,202.2,failed,2022-06-28,2251
781,202,TX-00000781,5.86,success,2025-05-12,3401
782,82,TX-00000782,63.37,failed,2025-01-17,8838
783,209,TX-00000783,31.59,declined,2023-05-26,5562
784,38,TX-00000784,40.73,success,2022-01-08,7308
785,91,TX-00000785,131.13,failed,2023-09-13,7782
786,155,TX-00000786,318.43,failed,2021-10-11,5028
787,99,TX-00000787,170.37,failed,2024-01-09,9745
788,127,TX-00000788,215.33,success,2023-02-27,2369
789,149,TX-00000789,287.39,declined,2024-03-29,4593
790,180,TX-00000790,39.46,failed,2021-01-06,4330
791,218,TX-00000791,11.78,declined,2023-08-29,3188
792,236,TX-00000792,48.51,failed,2023-01-10,3283
793,76,TX-00000793,186.85,declined,2023-05-13,4973
794,54,TX-00000794,331.99,success,2025-03-10,3257
795,31,TX-00000795,385.01,declined,2021-10-21,7184
796,188,TX-00000796,15.41,failed,2023-02-01,1886
797,180,TX-00000797,46.87,declined,2021-06-01,8812
798,215,TX-00000798,239.6,success,2021-03-03,3406
799,94,TX-00000799,60.8,success,2021-06-07,1204
800,146,TX-00000800,333.27,failed,2021-11-03,3988
801,121,TX-00000801,298.71,declined,2023-12-17,5907
802,121,TX-00000802,167.55,failed,2023-06-29,1216
803,74,TX-00000803,48.95,success,2024-08-08,1526
804,155,TX-00000804,301.7,declined,2021-11-25,1178
805,102,TX-00000805,333.91,declined,2023-07-20,5227
806,236,TX-00000806,230.97,failed,2024-12-23,4724
807,109,TX-00000807,372.92,failed,2021-07-08,9544
808,97,TX-00000808,391.28,success,2025-03-02,4471
809,103,TX-00000809,249.52,success,2023-03-15,4009
810,211,TX-00000810,299.67,declined,2024-05-24,2264
811,210,TX-00000811,278.51,failed,2022-10-04,7637
812,212,TX-00000812,155.29,success,2023-01-31,7950
813,50,TX-00000813,111.62,success,2021-06-09,6942
814,155,TX-00000814,312.62,failed,2021-02-27,4924
815,73,TX-00000815,69.29,success,2021-05-14,4471
816,153,TX-00000816,9.34,failed,2022-01-20,4305
817,164,TX-00000817,372.03,success,2022-07-06,2393
818,146,TX-00000818,228.09,declined,2023-09-18,1748
819,13,TX-00000819,129.26,failed,2021-01-18,6843
820,193,TX-00000820,116.55,failed,2023-10-22,4192
821,81,TX-00000821,301.98,declined,2022-12-30,3122
822,180,TX-00000822,271.5,failed,2023-04-15,9250
823,26,TX-00000823,203.36,success,2021-02-18,7260
824,123,TX-00000824,236.61,success,2022-08-18,3641
825,39,TX-00000825,274.54,success,2024-07-05,2528
826,244,TX-00000826,288.79,success,2024-10-27,3307
827,197,TX-00000827,288.83,declined,2023-11-24,9573
828,239,TX-00000828,308.61,failed,2021-09-26,6554
829,75,TX-00000829,147.32,failed,2021-03-23,7350
830,62,TX-00000830,87.48,declined,2024-05-27,2228
831,246,TX-00000831,65.2,declined,2023-10-16,2595
832,207,TX-00000832,10.9,failed,2024-01-26,2428
833,128,TX-00000833,42.18,failed,2021-12-14,5843
834,42,TX-00000834,31.92,declined,2023-01-15,6789
835,23,TX-00000835,33.1,declined,2025-04-30,8548
836,67,TX-00000836,394.53,failed,2025-04-12,8242
837,167,TX-00000837,370.04,success,2024-03-10,8999
838,11,TX-00000838,148.57,failed,2023-04-02,7701
839,220,TX-00000839,249.77,declined,2021-09-22,8222
840,94,TX-00000840,207.43,declined,2022-10-05,7122
841,22,TX-00000841,274.47,declined,2023-07-11,5306
842,225,TX-00000842,350.84,declined,2021-03-29,1934
843,190,TX-00000843,317.28,declined,2024-02-23,1130
844,40,TX-00000844,341.96,failed,2023-02-09,3592
845,146,TX-00000845,162.72,success,2022-04-02,7360
846,224,TX-00000846,187.6,success,2022-12-16,8632
847,120,TX-00000847,258.78,failed,2021-08-12,2406
848,47,TX-00000848,294.05,failed,2025-04-23,8096
849,52,TX-00000849,163.6,success,2022-10-12,6610
850,155,TX-00000850,197.09,declined,2025-02-27,8802
851,30,TX-00000851,114.96,success,2024-01-22,3551
852,243,TX-00000852,190.64,declined,2022-03-14,6245
853,146,TX-00000853,17.37,declined,2025-05-05,7230
854,16,TX-00000854,374.9,failed,2023-05-31,8756
855,55,TX-00000855,26.36,success,2025-04-03,7929
856,70,TX-00000856,104.57,success,2021-06-21,3322
857,18,TX-00000857,113.19,success,2022-09-03,8396
858,224,TX-00000858,170.79,success,2024-10-03,5250
859,48,TX-00000859,333.07,success,2023-05-28,6603
860,247,TX-00000860,302.5,success,2022-02-11,6722
861,242,TX-00000861,170.54,failed,2024-01-02,3632
862,248,TX-00000862,280.19,failed,2024-11-20,7375
863,211,TX-00000863,8.92,declined,2022-02-11,2274
864,186,TX-00000864,268.85,declined,2021-10-24,6304
865,171,TX-00000865,394.62,declined,2025-03-02,6185
866,4,TX-00000866,64.45,failed,2021-10-30,9182
867,222,TX-00000867,129.98,declined,2023-04-13,5305
868,134,TX-00000868,290.3,failed,2021-09-15,8361
869,164,TX-00000869,387.94,success,2021-03-16,4581
870,191,TX-00000870,391.72,failed,2024-11-27,9947
871,199,TX-00000871,70.61,failed,2022-03-19,6703
872,54,TX-00000872,381.19,declined,2024-03-27,1235
873,95,TX-00000873,326.44,success,2022-09-11,6029
874,129,TX-00000874,328.53,success,2024-12-03,9177
875,167,TX-00000875,399.62,failed,2023-04-21,6762
876,91,TX-00000876,332.13,failed,2023-12-08,6502
877,30,TX-00000877,370.91,failed,2023-05-28,7113
878,46,TX-00000878,223.34,success,2024-01-17,8141
879,98,TX-00000879,117.59,declined,2024-11-11,8167
880,163,TX-00000880,116.88,declined,2021-07-23,2435
881,207,TX-00000881,335.71,success,2024-08-23,1269
882,158,TX-00000882,373.34,success,2023-10-14,9924
883,26,TX-00000883,255.24,declined,2024-04-05,1534
884,171,TX-00000884,119.51,failed,2022-03-10,4651
885,199,TX-00000885,184.58,failed,2021-08-23,4204
886,220,TX-00000886,190.48,success,2022-12-20,8601
887,106,TX-00000887,363.66,declined,2024-12-12,7484
888,2,TX-00000888,376.15,success,2023-11-06,5646
889,69,TX-00000889,352.44,failed,2022-09-22,7794
890,173,TX-00000890,100.41,failed,2021-03-08,1254
891,7,TX-00000891,65.58,failed,2023-11-29,6201
892,86,TX-00000892,72.31,declined,2023-05-31,4962
893,143,TX-00000893,389.53,success,2024-06-16,7444
894,213,TX-00000894,25.37,declined,2023-05-29,3111
895,241,TX-00000895,256.33,declined,2021-12-22,7604
896,232,TX-00000896,130.66,success,2023-06-15,4784
897,26,TX-00000897,285.46,success,2023-10-30,2939
898,162,TX-00000898,232.89,failed,2025-04-10,5263
899,215,TX-00000899,223.4,failed,2022-02-22,2527
900,24,TX-00000900,15.13,success,2024-07-11,3507
901,8,TX-00000901,249.15,declined,2021-06-11,7265
902,7,TX-00000902,298.22,success,2023-07-19,6867
903,48,TX-00000903,99.69,success,2022-09-01,4175
904,138,TX-00000904,336.98,declined,2025-05-17,7194
905,198,TX-00000905,107.89,success,2022-07-18,2359
906,240,TX-00000906,61.79,success,2024-07-31,2694
907,29,TX-00000907,186.36,declined,2021-09-09,2754
908,37,TX-00000908,116.57,success,2021-07-10,2267
909,127,TX-00000909,338.63,success,2023-03-12,2649
910,126,TX-00000910,319.2,failed,2021-05-31,8971
911,246,TX-00000911,252.14,success,2024-11-08,7879
912,97,TX-00000912,356.44,declined,2023-07-13,3639
913,47,TX-00000913,123.01,success,2024-09-12,1515
914,31,TX-00000914,390.49,failed,2023-09-19,9953
915,2,TX-00000915,67.56,declined,2022-06-06,2992
916,50,TX-00000916,244.41,declined,2021-02-17,9486
917,132,TX-00000917,305.58,success,2023-01-18,2880
918,231,TX-00000918,90.7,failed,2021-10-11,4600
919,22,TX-00000919,292.46,success,2022-07-03,5483
920,124,TX-00000920,83.7,success,2022-12-15,5822
921,120,TX-00000921,299.35,failed,2023-06-13,9399
922,243,TX-00000922,162.98,success,2022-05-28,3833
923,51,TX-00000923,276.39,declined,2022-07-30,7436
924,27,TX-00000924,235.54,declined,2022-10-01,3714
925,204,TX-00000925,86.3,declined,2023-09-27,8101
926,227,TX-00000926,181.23,declined,2025-03-11,5451
927,209,TX-00000927,130.91,success,2024-05-28,7275
928,110,TX-00000928,83.89,failed,2023-02-05,2052
929,116,TX-00000929,71.06,success,2023-11-14,5146
930,151,TX-00000930,166.87,declined,2024-08-14,9691
931,91,TX-00000931,162.33,success,2022-01-04,6286
932,110,TX-00000932,317.4,failed,2022-05-18,2190
933,56,TX-00000933,264.5,failed,2021-10-25,6151
934,32,TX-00000934,8.81,declined,2021-01-23,6388
935,55,TX-00000935,188.82,failed,2022-04-22,2085
936,99,TX-00000936,117.03,success,2023-12-16,4562
937,27,TX-00000937,226.58,declined,2024-05-29,2225
938,147,TX-00000938,357.6,failed,2024-10-29,8130
939,82,TX-00000939,326.29,success,2022-02-08,1813
940,206,TX-00000940,200.1,success,2022-07-17,7901
941,31,TX-00000941,54.02,success,2024-05-16,6355
942,152,TX-00000942,156.23,declined,2021-02-13,5670
943,5,TX-00000943,259.25,declined,2021-01-10,8565
944,73,TX-00000944,56.77,failed,2021-03-17,9740
945,236,TX-00000945,213.37,failed,2024-08-13,1266
946,18,TX-00000946,190.61,failed,2025-01-21,5931
947,71,TX-00000947,130.29,failed,2023-03-31,2306
948,143,TX-00000948,310.97,failed,2024-06-08,1771
949,101,TX-00000949,122.89,failed,2023-10-08,2989
950,216,TX-00000950,152.69,declined,2021-07-30,1479
951,58,TX-00000951,23.89,success,2021-10-12,2722
952,83,TX-00000952,345.25,declined,2023-06-12,4708
953,44,TX-00000953,39.77,declined,2023-01-26,9807
954,2,TX-00000954,373.97,success,2022-06-16,1705
955,29,TX-00000955,23.96,failed,2021-06-03,5320
956,85,TX-00000956,276.73,failed,2022-07-07,3790
957,237,TX-00000957,59.42,failed,2021-09-03,3069
958,82,TX-00000958,345.45,declined,2023-04-27,8320
959,172,TX-00000959,53.34,declined,2022-05-08,8830
960,170,TX-00000960,198.59,failed,2022-10-22,8908
961,58,TX-00000961,41.26,failed,2024-12-27,2356
962,91,TX-00000962,225.61,success,2024-09-12,4373
963,178,TX-00000963,35.82,failed,2021-05-04,4481
964,4,TX-00000964,269.85,failed,2023-02-28,4078
965,125,TX-00000965,46.29,success,2024-04-24,9644
966,132,TX-00000966,344.09,failed,2024-12-22,8438
967,168,TX-00000967,65.83,declined,2021-08-05,3130
968,57,TX-00000968,367.1,failed,2023-07-16,9412
969,52,TX-00000969,313.11,success,2021-05-21,5552
970,109,TX-00000970,69.86,failed,2024-03-28,2672
971,38,TX-00000971,187.08,success,2025-03-06,2805
972,62,TX-00000972,11.55,failed,2022-01-19,5370
973,8,TX-00000973,193.11,declined,2023-07-17,6766
974,68,TX-00000974,51.74,declined,2021-06-22,6806
975,111,TX-00000975,88.77,failed,2023-10-26,8059
976,131,TX-00000976,136.83,failed,2022-07-13,7058
977,26,TX-00000977,24.41,failed,2025-02-08,7923
978,50,TX-00000978,121.13,failed,2021-12-28,5520
979,136,TX-00000979,244.94,declined,2023-06-07,2788
980,175,TX-00000980,24.7,success,2021-08-16,4597
981,30,TX-00000981,25.99,success,2024-03-24,5361
982,62,TX-00000982,31.01,success,2022-07-19,4710
983,226,TX-00000983,249.99,declined,2023-04-09,7421
984,101,TX-00000984,45.02,declined,2024-11-17,5395
985,127,TX-00000985,86.25,success,2022-12-13,5718
986,181,TX-00000986,240.54,declined,2021-01-07,2544
987,48,TX-00000987,203.78,declined,2024-06-28,8811
988,190,TX-00000988,125.6,declined,2022-05-04,3789
989,81,TX-00000989,274.17,success,2022-01-19,6442
990,231,TX-00000990,184.81,success,2024-09-26,8775
991,110,TX-00000991,136.95,success,2022-06-25,2261
992,44,TX-00000992,273.29,success,2024-05-01,6769
993,249,TX-00000993,192.16,success,2023-09-28,5055
994,121,TX-00000994,48.21,success,2024-03-07,5762
995,214,TX-00000995,95.17,declined,2021-12-09,3401
996,199,TX-00000996,42.09,failed,2025-02-16,6499
997,116,TX-00000997,198.81,failed,2024-01-23,5216
998,170,TX-00000998,197.16,failed,2023-07-29,1222
999,212,TX-00000999,144.29,declined,2022-11-15,9484
1000,199,TX-00001000,267.26,declined,2023-09-19,2847
1001,70,TX-00001001,275.88,declined,2024-08-03,1339
1002,38,TX-00001002,391.56,success,2024-09-12,3320
1003,92,TX-00001003,201.64,success,2024-03-28,8056
1004,93,TX-00001004,86.49,success,2022-02-01,7189
1005,164,TX-00001005,47.63,failed,2024-07-07,9927
1006,231,TX-00001006,365.39,declined,2021-12-25,5346
1007,234,TX-00001007,273.23,failed,2023-03-12,7836
1008,242,TX-00001008,397.61,failed,2022-01-26,1673
1009,149,TX-00001009,210.43,failed,2024-06-08,3014
1010,111,TX-00001010,319.16,declined,2022-12-12,5725
1011,29,TX-00001011,387.94,failed,2024-11-04,3410
1012,120,TX-00001012,273.96,declined,2022-08-17,3664
1013,78,TX-00001013,197.3,success,2022-08-27,1255
1014,117,TX-00001014,21.18,failed,2024-04-29,3022
1015,14,TX-00001015,197.9,success,2023-06-01,6771
1016,170,TX-00001016,334.47,success,2022-05-30,3256
1017,90,TX-00001017,352.1,declined,2024-09-24,3540
1018,245,TX-00001018,38.97,failed,2021-10-20,4223
1019,111,TX-00001019,236.16,success,2022-08-19,4585
1020,9,TX-00001020,191.91,failed,2022-05-25,7328
1021,109,TX-00001021,162.65,success,2022-06-20,5948
1022,153,TX-00001022,127.74,declined,2023-06-12,6283
1023,206,TX-00001023,233.38,declined,2025-04-22,4268
1024,65,TX-00001024,58.6,declined,2022-02-13,5932
1025,79,TX-00001025,38.81,declined,2024-07-10,8555
1026,140,TX-00001026,77.43,failed,2021-07-16,3270
1027,135,TX-00001027,179.55,failed,2023-10-29,6858
1028,120,TX-00001028,144.91,failed,2023-05-12,7721
1029,119,TX-00001029,15.93,declined,2021-02-24,7896
1030,23,TX-00001030,303.56,declined,2022-09-12,4975
1031,149,TX-00001031,207.32,success,2024-06-25,9900
1032,231,TX-00001032,228.4,failed,2021-04-20,7433
1033,33,TX-00001033,164.16,success,2023-08-06,9487
1034,118,TX-00001034,336.48,success,2021-04-23,5426
1035,213,TX-00001035,394.54,success,2022-11-14,2595
1036,211,TX-00001036,119.78,failed,2024-11-15,6428
1037,222,TX-00001037,29.04,declined,2024-04-12,9369
1038,190,TX-00001038,288.2,declined,2022-02-24,9458
1039,37,TX-00001039,227.01,failed,2021-10-07,4662
1040,230,TX-00001040,271.89,success,2022-09-09,6093
1041,185,TX-00001041,395.72,success,2023-09-21,4288
1042,30,TX-00001042,31.52,success,2024-05-21,2983
1043,134,TX-00001043,43.26,success,2021-08-01,8761
1044,7,TX-00001044,333.93,failed,2023-03-12,1911
1045,238,TX-00001045,53.12,failed,2023-09-18,4015
1046,210,TX-00001046,97.8,declined,2022-06-18,8194
1047,220,TX-00001047,264.97,success,2023-06-05,3396
1048,163,TX-00001048,13.55,success,2025-03-05,4943
1049,44,TX-00001049,207.05,declined,2024-01-25,4282
1050,122,TX-00001050,194.78,failed,2024-09-29,2638
1051,246,TX-00001051,237.56,failed,2024-09-29,5508
1052,101,TX-00001052,157.4,success,2023-08-09,7830
1053,209,TX-00001053,172.81,success,2022-08-04,8488
1054,31,TX-00001054,227.86,success,2024-04-03,5960
1055,9,TX-00001055,259.82,declined,2024-06-23,8282
1056,11,TX-00001056,363.7,failed,2021-10-13,8666
1057,226,TX-00001057,290.61,failed,2021-01-19,3593
1058,92,TX-00001058,202.75,declined,2022-03-08,6715
1059,232,TX-00001059,283.96,failed,2023-11-17,2028
1060,45,TX-00001060,264.09,failed,2024-09-05,6558
1061,118,TX-00001061,287.5,success,2022-07-25,5963
1062,237,TX-00001062,160.6,declined,2023-09-18,7168
1063,247,TX-00001063,191.34,declined,2022-01-05,9306
1064,199,TX-00001064,265.27,failed,2021-09-23,6309
1065,151,TX-00001065,382.3,failed,2024-04-12,7615
1066,18,TX-00001066,22.75,declined,2021-11-22,4796
1067,25,TX-00001067,267.78,failed,2024-10-23,8805
1068,83,TX-00001068,305.16,declined,2022-04-30,2727
1069,231,TX-00001069,352.9,declined,2023-02-26,7882
1070,237,TX-00001070,30.43,declined,2022-05-28,2875
1071,10,TX-00001071,339.49,success,2023-06-24,7132
1072,156,TX-00001072,254.36,success,2021-12-23,6261
1073,28,TX-00001073,281.0,failed,2021-09-30,4272
1074,51,TX-00001074,104.74,failed,2024-10-22,5687
1075,58,TX-00001075,84.47,success,2023-06-08,9659
1076,208,TX-00001076,317.05,success,2024-04-07,1397
1077,162,TX-00001077,384.13,success,2022-02-21,1544
1078,208,TX-00001078,60.52,success,2023-01-07,7685
1079,146,TX-00001079,220.9,success,2022-11-29,4036
1080,175,TX-00001080,293.34,declined,2024-08-08,9653
1081,128,TX-00001081,80.1,success,2024-03-14,8761
1082,129,TX-00001082,144.08,declined,2024-02-19,3258
1083,206,TX-00001083,31.53,failed,2024-07-04,7162
1084,224,TX-00001084,32.99,success,2021-09-18,9474
1085,77,TX-00001085,44.86,failed,2022-04-18,1843
1086,154,TX-00001086,218.51,success,2022-04-04,5749
1087,237,TX-00001087,332.12,failed,2024-12-11,6863
1088,18,TX-00001088,349.61,success,2022-08-13,2225
1089,137,TX-00001089,232.27,declined,2024-06-05,9192
1090,80,TX-00001090,162.69,success,2024-01-24,2816
1091,150,TX-00001091,191.04,failed,2024-08-30,1491
1092,9,TX-00001092,138.53,failed,2022-02-15,6481
1093,228,TX-00001093,307.07,success,2022-02-23,9963
1094,210,TX-00001094,294.88,declined,2021-05-08,4860
1095,127,TX-00001095,33.8,declined,2024-06-03,1579
1096,89,TX-00001096,392.52,failed,2024-05-10,2320
1097,228,TX-00001097,222.81,success,2022-07-09,1683
1098,27,TX-00001098,19.06,declined,2022-04-07,6738
1099,111,TX-00001099,193.65,success,2021-02-13,1906
1100,7,TX-00001100,310.58,success,2023-12-31,7215
1101,175,TX-00001101,275.02,success,2024-02-06,8899
1102,14,TX-00001102,157.91,failed,2024-11-25,3051
1103,111,TX-00001103,282.03,declined,2021-10-10,2893
1104,113,TX-00001104,51.61,declined,2023-01-24,6763
1105,50,TX-00001105,140.53,success,2022-05-03,4801
1106,24,TX-00001106,237.5,success,2023-04-26,9785
1107,146,TX-00001107,23.08,success,2025-01-14,5094
1108,209,TX-00001108,27.47,success,2021-09-17,8185
1109,47,TX-00001109,116.63,failed,2022-12-18,5001
1110,75,TX-00001110,56.24,failed,2023-09-08,3005
1111,169,TX-00001111,35.34,failed,2024-01-19,4372
1112,127,TX-00001112,283.58,failed,2022-03-28,8266
1113,183,TX-00001113,124.57,failed,2025-05-17,5795
1114,223,TX-00001114,263.19,declined,2022-07-02,6224
1115,179,TX-00001115,218.86,success,2021-04-21,6679
1116,231,TX-00001116,167.28,declined,2023-09-23,5583
1117,21,TX-00001117,85.4,success,2023-12-03,4777
1118,79,TX-00001118,298.05,success,2021-09-09,7101
1119,186,TX-00001119,327.47,success,2021-03-15,4851
1120,179,TX-00001120,178.91,failed,2021-08-22,1348
1121,128,TX-00001121,335.35,failed,2022-07-24,7294
1122,77,TX-00001122,331.74,success,2021-05-03,5572
1123,219,TX-00001123,245.85,failed,2021-02-08,7268
1124,99,TX-00001124,180.39,success,2022-02-26,7214
1125,48,TX-00001125,265.67,declined,2021-04-18,5999
1126,9,TX-00001126,218.91,failed,2021-02-23,6508
1127,237,TX-00001127,332.12,failed,2025-03-23,4547
1128,194,TX-00001128,15.8,declined,2024-06-26,8111
1129,222,TX-00001129,173.88,declined,2025-02-15,1935
1130,207,TX-00001130,48.14,failed,2025-01-17,5709
1131,220,TX-00001131,396.4,declined,2023-08-08,7944
1132,147,TX-00001132,289.09,declined,2022-06-17,3663
1133,246,TX-00001133,155.61,declined,2022-05-03,3160
1134,233,TX-00001134,11.0,declined,2022-07-16,2401
1135,64,TX-00001135,309.68,failed,2022-11-23,7465
1136,10,TX-00001136,248.14,failed,2022-07-05,5104
1137,201,TX-00001137,262.95,declined,2021-01-26,3036
1138,79,TX-00001138,229.53,failed,2022-06-26,3929
1139,114,TX-00001139,187.78,failed,2021-01-19,8642
1140,10,TX-00001140,386.52,failed,2024-07-30,4569
1141,105,TX-00001141,28.14,success,2022-07-21,6145
1142,245,TX-00001142,30.3,success,2022-06-13,5524
1143,67,TX-00001143,348.28,success,2022-04-11,3858
1144,38,TX-00001144,349.14,declined,2021-04-12,4812
1145,30,TX-00001145,263.57,success,2024-11-02,9302
1146,221,TX-00001146,178.92,failed,2021-03-27,4734
1147,16,TX-00001147,380.92,failed,2022-06-12,1264
1148,174,TX-00001148,338.75,failed,2024-01-12,1732
1149,154,TX-00001149,97.71,success,2021-06-08,9305
1150,114,TX-00001150,49.71,success,2022-05-01,4343
1151,84,TX-00001151,230.29,declined,2023-05-02,2169
1152,165,TX-00001152,173.46,failed,2021-10-21,1404
1153,84,TX-00001153,244.75,failed,2022-11-18,7686
1154,230,TX-00001154,262.53,failed,2022-08-26,1510
1155,42,TX-00001155,150.48,failed,2021-11-04,1418
1156,28,TX-00001156,245.57,failed,2023-11-13,9326
1157,201,TX-00001157,234.69,failed,2022-03-17,7206
1158,213,TX-00001158,235.16,declined,2025-01-27,3458
1159,98,TX-00001159,306.23,declined,2021-06-10,2266
1160,246,TX-00001160,374.53,success,2024-03-03,9249
1161,148,TX-00001161,253.98,declined,2023-05-07,9830
1162,188,TX-00001162,52.89,declined,2021-04-16,8738
1163,169,TX-00001163,212.16,failed,2022-10-12,5410
1164,50,TX-00001164,335.22,failed,2022-05-15,6385
1165,63,TX-00001165,320.61,failed,2022-04-18,8468
1166,81,TX-00001166,300.53,success,2024-11-20,4949
1167,114,TX-00001167,294.46,failed,2023-01-12,2305
1168,91,TX-00001168,226.38,success,2023-01-12,8932
1169,155,TX-00001169,95.99,failed,2022-04-16,3052
1170,237,TX-00001170,217.36,failed,2024-10-12,3263
1171,156,TX-00001171,107.81,failed,2022-12-01,6142
1172,31,TX-00001172,37.19,failed,2023-11-01,3431
1173,148,TX-00001173,200.21,success,2022-01-04,8439
1174,4,TX-00001174,70.87,failed,2022-06-24,8698
1175,191,TX-00001175,44.89,success,2023-06-03,1392
1176,177,TX-00001176,70.94,success,2021-09-29,9436
1177,222,TX-00001177,214.08,failed,2023-05-15,6805
1178,33,TX-00001178,163.92,declined,2022-05-10,5806
1179,31,TX-00001179,138.04,failed,2024-04-26,2765
1180,185,TX-00001180,22.87,declined,2022-12-28,8354
1181,234,TX-00001181,166.51,failed,2025-02-25,8138
1182,75,TX-00001182,304.28,declined,2021-10-03,4005
1183,186,TX-00001183,307.55,declined,2021-06-21,3494
1184,230,TX-00001184,8.07,declined,2023-01-28,8430
1185,98,TX-00001185,131.57,success,2023-11-08,5576
1186,242,TX-00001186,310.34,success,2022-09-01,9082
1187,88,TX-00001187,24.07,declined,2023-12-12,9326
1188,217,TX-00001188,371.58,failed,2022-10-24,7292
1189,82,TX-00001189,304.13,success,2021-03-27,4451
1190,111,TX-00001190,210.06,declined,2024-06-14,6150
1191,26,TX-00001191,142.2,success,2021-08-31,5716
1192,71,TX-00001192,197.22,success,2021-12-13,5726
1193,241,TX-00001193,367.49,declined,2025-03-24,2738
1194,237,TX-00001194,96.51,failed,2021-10-16,2572
1195,53,TX-00001195,223.1,declined,2025-03-26,3766
1196,8,TX-00001196,241.36,success,2024-01-11,9813
1197,205,TX-00001197,82.08,failed,2021-02-22,7054
1198,53,TX-00001198,116.33,declined,2023-05-24,8288
1199,134,TX-00001199,54.84,failed,2022-08-28,2795
1200,184,TX-00001200,284.0,success,2023-06-30,8082
