order_pk,customer_id,order_id,amount,status,order_date
1,156,ORD-000001,204.5,refunded,2022-03-18
2,194,ORD-000002,235.43,refunded,2023-05-31
3,29,ORD-000003,134.63,failed,2023-12-16
4,171,ORD-000004,145.7,pending,2023-03-21
5,154,ORD-000005,34.1,pending,2022-09-10
6,243,ORD-000006,102.94,pending,2025-04-15
7,66,ORD-000007,137.36,completed,2021-01-16
8,128,ORD-000008,338.69,pending,2021-09-22
9,98,ORD-000009,244.34,pending,2023-10-22
10,144,ORD-000010,376.68,refunded,2021-05-28
11,102,ORD-000011,389.18,completed,2023-06-13
12,5,ORD-000012,212.29,completed,2022-10-04
13,148,ORD-000013,198.89,failed,2024-12-24
14,164,ORD-000014,193.79,completed,2023-04-10
15,6,ORD-000015,435.13,pending,2024-06-19
16,118,ORD-000016,376.09,refunded,2021-06-30
17,112,ORD-000017,381.57,pending,2023-06-12
18,151,ORD-000018,186.2,completed,2023-03-22
19,223,ORD-000019,146.52,refunded,2022-03-30
20,86,ORD-000020,352.81,completed,2023-11-12
21,163,ORD-000021,60.17,pending,2025-05-09
22,90,ORD-000022,164.48,pending,2022-04-29
23,27,ORD-000023,74.44,pending,2021-12-22
24,155,ORD-000024,77.26,completed,2021-12-29
25,244,ORD-000025,350.05,failed,2023-08-09
26,194,ORD-000026,258.04,failed,2024-10-26
27,237,ORD-000027,398.1,refunded,2024-07-08
28,81,ORD-000028,76.42,completed,2023-08-19
29,114,ORD-000029,287.81,refunded,2024-04-26
30,15,ORD-000030,164.85,completed,2022-09-28
31,119,ORD-000031,208.84,completed,2023-01-26
32,213,ORD-000032,136.31,completed,2024-06-13
33,153,ORD-000033,233.11,failed,2024-04-03
34,142,ORD-000034,429.86,completed,2023-07-11
35,233,ORD-000035,366.32,pending,2022-10-21
36,155,ORD-000036,219.28,pending,2021-05-07
37,116,ORD-000037,55.54,refunded,2025-01-02
38,22,ORD-000038,232.0,pending,2021-03-22
39,64,ORD-000039,321.35,failed,2023-12-10
40,134,ORD-000040,278.31,refunded,2023-02-03
41,235,ORD-000041,134.47,failed,2025-05-06
42,87,ORD-000042,308.71,completed,2024-07-16
43,166,ORD-000043,157.25,refunded,2021-07-13
44,143,ORD-000044,308.49,refunded,2022-06-01
45,186,ORD-000045,384.69,pending,2022-11-14
46,21,ORD-000046,266.41,pending,2022-12-18
47,80,ORD-000047,435.79,failed,2021-09-22
48,153,ORD-000048,321.89,completed,2022-09-27
49,144,ORD-000049,175.74,refunded,2021-09-19
50,172,ORD-000050,319.25,completed,2024-08-16
51,172,ORD-000051,196.3,refunded,2021-02-07
52,93,ORD-000052,145.9,pending,2022-12-01
53,243,ORD-000053,347.11,pending,2022-04-09
54,36,ORD-000054,78.18,refunded,2021-07-27
55,130,ORD-000055,349.18,completed,2024-09-17
56,87,ORD-000056,395.61,pending,2024-05-08
57,97,ORD-000057,77.87,pending,2024-11-19
58,198,ORD-000058,284.89,pending,2025-01-16
59,113,ORD-000059,29.22,refunded,2024-10-17
60,185,ORD-000060,114.51,failed,2024-06-04
61,73,ORD-000061,341.05,failed,2022-04-25
62,137,ORD-000062,115.23,failed,2022-02-02
63,95,ORD-000063,308.46,failed,2023-08-04
64,197,ORD-000064,133.98,failed,2023-10-27
65,136,ORD-000065,194.21,pending,2022-02-13
66,206,ORD-000066,276.05,refunded,2021-04-17
67,165,ORD-000067,221.46,refunded,2024-02-10
68,240,ORD-000068,55.14,completed,2022-08-07
69,22,ORD-000069,345.77,refunded,2023-07-10
70,232,ORD-000070,235.88,failed,2021-07-07
71,243,ORD-000071,410.62,failed,2022-12-17
72,239,ORD-000072,21.73,completed,2023-03-23
73,129,ORD-000073,174.54,failed,2021-06-17
74,96,ORD-000074,108.8,refunded,2021-07-22
75,215,ORD-000075,324.47,refunded,2021-10-27
76,36,ORD-000076,26.85,failed,2024-11-26
77,213,ORD-000077,71.07,failed,2023-07-08
78,158,ORD-000078,12.31,completed,2021-02-08
79,66,ORD-000079,104.89,pending,2024-01-29
80,241,ORD-000080,329.98,failed,2021-08-16
81,199,ORD-000081,136.76,refunded,2021-09-07
82,13,ORD-000082,114.91,failed,2021-05-09
83,29,ORD-000083,378.14,failed,2024-05-07
84,138,ORD-000084,17.23,pending,2025-01-11
85,37,ORD-000085,138.16,completed,2024-06-13
86,91,ORD-000086,115.85,failed,2022-01-19
87,171,ORD-000087,304.01,refunded,2021-05-19
88,245,ORD-000088,241.47,completed,2023-03-11
89,224,ORD-000089,216.86,failed,2023-02-04
90,65,ORD-000090,338.82,refunded,2021-05-19
91,89,ORD-000091,116.1,completed,2025-04-30
92,149,ORD-000092,333.48,refunded,2021-10-01
93,12,ORD-000093,165.01,refunded,2024-08-09
94,45,ORD-000094,375.37,failed,2024-11-25
95,123,ORD-000095,287.96,pending,2021-05-10
96,184,ORD-000096,351.52,failed,2021-03-17
97,76,ORD-000097,98.7,pending,2021-03-27
98,81,ORD-000098,420.68,failed,2024-01-18
99,122,ORD-000099,121.46,pending,2022-08-09
100,92,ORD-000100,389.34,completed,2024-09-04
101,85,ORD-000101,130.22,refunded,2023-06-14
102,228,ORD-000102,186.01,failed,2023-03-03
103,87,ORD-000103,438.44,failed,2024-11-18
104,128,ORD-000104,171.63,refunded,2021-06-19
105,187,ORD-000105,196.78,failed,2024-05-18
106,211,ORD-000106,89.4,refunded,2022-10-20
107,27,ORD-000107,45.23,refunded,2022-09-20
108,115,ORD-000108,275.15,failed,2021-12-08
109,177,ORD-000109,205.32,failed,2021-03-28
110,187,ORD-000110,392.82,refunded,2024-06-13
111,112,ORD-000111,130.8,completed,2021-06-03
112,172,ORD-000112,290.51,refunded,2023-11-17
113,206,ORD-000113,339.96,pending,2021-03-05
114,37,ORD-000114,383.41,failed,2021-03-13
115,33,ORD-000115,39.58,refunded,2023-01-12
116,99,ORD-000116,427.77,completed,2024-05-24
117,40,ORD-000117,308.79,refunded,2023-02-01
118,114,ORD-000118,345.76,pending,2023-12-21
119,94,ORD-000119,185.13,refunded,2022-05-27
120,246,ORD-000120,59.92,pending,2023-10-20
121,133,ORD-000121,180.27,completed,2022-06-21
122,199,ORD-000122,124.53,failed,2022-03-16
123,157,ORD-000123,135.65,failed,2022-02-14
124,32,ORD-000124,69.72,completed,2023-07-15
125,45,ORD-000125,405.42,failed,2021-06-29
126,208,ORD-000126,310.05,refunded,2024-09-29
127,89,ORD-000127,322.2,refunded,2022-09-07
128,218,ORD-000128,79.3,pending,2023-01-11
129,131,ORD-000129,108.67,pending,2021-10-12
130,61,ORD-000130,357.76,completed,2023-01-10
131,142,ORD-000131,261.8,failed,2024-02-04
132,34,ORD-000132,279.26,completed,2021-05-15
133,80,ORD-000133,185.19,failed,2023-12-13
134,106,ORD-000134,348.43,completed,2021-09-14
135,249,ORD-000135,149.49,completed,2023-07-11
136,120,ORD-000136,309.25,refunded,2021-09-20
137,225,ORD-000137,374.78,pending,2025-04-22
138,248,ORD-000138,66.77,completed,2021-09-12
139,133,ORD-000139,77.33,pending,2021-11-28
140,83,ORD-000140,421.28,pending,2022-12-10
141,243,ORD-000141,424.0,refunded,2021-06-11
142,65,ORD-000142,96.37,refunded,2021-09-14
143,161,ORD-000143,143.24,completed,2023-10-27
144,165,ORD-000144,84.2,pending,2021-12-17
145,169,ORD-000145,284.77,refunded,2024-02-29
146,11,ORD-000146,373.1,completed,2021-06-16
147,12,ORD-000147,427.36,refunded,2024-08-26
148,54,ORD-000148,347.46,failed,2024-06-19
149,164,ORD-000149,23.33,refunded,2024-08-07
150,245,ORD-000150,142.92,pending,2024-11-03
151,104,ORD-000151,140.87,completed,2024-11-11
152,16,ORD-000152,79.56,failed,2023-09-19
153,119,ORD-000153,99.77,pending,2022-10-03
154,221,ORD-000154,326.08,refunded,2023-03-28
155,34,ORD-000155,344.69,completed,2022-10-16
156,62,ORD-000156,215.25,refunded,2023-07-10
157,64,ORD-000157,71.99,completed,2022-08-18
158,243,ORD-000158,179.03,failed,2022-05-24
159,247,ORD-000159,390.74,pending,2022-11-02
160,240,ORD-000160,264.18,refunded,2022-01-24
161,196,ORD-000161,80.11,failed,2023-10-19
162,226,ORD-000162,145.76,completed,2021-07-04
163,242,ORD-000163,183.03,failed,2022-05-09
164,56,ORD-000164,266.67,completed,2021-04-14
165,73,ORD-000165,227.75,failed,2022-08-09
166,138,ORD-000166,13.6,completed,2023-06-02
167,35,ORD-000167,398.28,refunded,2025-04-14
168,104,ORD-000168,171.01,failed,2021-04-15
169,146,ORD-000169,257.2,refunded,2024-02-08
170,74,ORD-000170,42.35,failed,2025-04-15
171,141,ORD-000171,133.08,completed,2021-09-21
172,250,ORD-000172,52.54,refunded,2022-11-26
173,143,ORD-000173,423.14,pending,2022-02-12
174,155,ORD-000174,234.01,completed,2021-04-03
175,10,ORD-000175,70.3,refunded,2023-08-29
176,133,ORD-000176,211.07,pending,2022-11-03
177,239,ORD-000177,279.75,pending,2023-03-16
178,158,ORD-000178,335.3,refunded,2024-04-30
179,87,ORD-000179,233.22,failed,2024-12-22
180,145,ORD-000180,141.91,completed,2023-01-25
181,85,ORD-000181,306.47,failed,2024-04-10
182,79,ORD-000182,360.57,completed,2024-05-07
183,122,ORD-000183,126.83,pending,2025-01-17
184,14,ORD-000184,266.75,pending,2023-12-10
185,162,ORD-000185,327.32,failed,2021-10-30
186,211,ORD-000186,309.52,completed,2024-03-18
187,243,ORD-000187,318.23,pending,2021-02-08
188,113,ORD-000188,148.02,pending,2023-04-26
189,177,ORD-000189,99.71,failed,2025-02-15
190,187,ORD-000190,37.4,pending,2023-11-29
191,54,ORD-000191,256.79,failed,2023-12-13
192,97,ORD-000192,148.05,pending,2023-07-31
193,234,ORD-000193,244.58,refunded,2024-10-16
194,198,ORD-000194,391.77,refunded,2024-06-03
195,124,ORD-000195,94.6,pending,2022-07-26
196,143,ORD-000196,141.34,refunded,2025-04-29
197,74,ORD-000197,320.16,failed,2022-10-12
198,123,ORD-000198,163.47,refunded,2022-08-13
199,32,ORD-000199,262.33,failed,2023-03-20
200,210,ORD-000200,161.86,pending,2022-08-18
201,11,ORD-000201,136.56,completed,2022-12-11
202,237,ORD-000202,204.65,refunded,2025-03-11
203,123,ORD-000203,104.15,refunded,2024-02-26
204,179,ORD-000204,129.51,completed,2024-06-14
205,190,ORD-000205,268.21,pending,2021-04-14
206,172,ORD-000206,408.28,pending,2024-07-30
207,60,ORD-000207,33.1,failed,2022-11-08
208,184,ORD-000208,217.86,pending,2021-01-11
209,247,ORD-000209,252.16,pending,2023-04-14
210,168,ORD-000210,421.41,failed,2023-09-05
211,167,ORD-000211,97.76,refunded,2022-10-20
212,74,ORD-000212,294.2,completed,2024-08-28
213,147,ORD-000213,112.18,completed,2021-12-25
214,107,ORD-000214,398.19,pending,2021-03-16
215,215,ORD-000215,184.68,failed,2022-01-17
216,240,ORD-000216,339.56,refunded,2021-03-18
217,3,ORD-000217,141.29,completed,2022-11-18
218,73,ORD-000218,209.91,failed,2021-10-02
219,218,ORD-000219,231.85,refunded,2022-01-30
220,208,ORD-000220,59.56,pending,2025-02-06
221,118,ORD-000221,295.25,pending,2021-01-29
222,189,ORD-000222,158.33,refunded,2024-03-08
223,173,ORD-000223,343.2,pending,2024-06-05
224,220,ORD-000224,291.04,failed,2023-05-26
225,132,ORD-000225,154.29,failed,2024-10-02
226,25,ORD-000226,91.3,pending,2023-09-05
227,83,ORD-000227,421.76,completed,2022-06-19
228,99,ORD-000228,113.63,refunded,2022-11-07
229,78,ORD-000229,266.28,completed,2022-06-20
230,168,ORD-000230,168.2,pending,2021-05-08
231,171,ORD-000231,62.02,refunded,2021-11-24
232,104,ORD-000232,311.87,refunded,2024-11-14
233,31,ORD-000233,291.03,refunded,2023-01-23
234,158,ORD-000234,107.17,pending,2023-09-07
235,40,ORD-000235,210.19,refunded,2023-05-02
236,180,ORD-000236,251.66,failed,2025-04-01
237,138,ORD-000237,362.88,pending,2025-04-10
238,64,ORD-000238,309.35,completed,2023-12-13
239,115,ORD-000239,242.4,refunded,2021-06-09
240,235,ORD-000240,258.23,completed,2024-01-27
241,232,ORD-000241,232.41,pending,2021-12-03
242,84,ORD-000242,385.97,failed,2021-08-27
243,175,ORD-000243,100.38,failed,2021-07-06
244,231,ORD-000244,234.57,completed,2023-07-18
245,34,ORD-000245,235.83,failed,2024-02-29
246,15,ORD-000246,255.87,refunded,2025-01-21
247,6,ORD-000247,184.22,completed,2025-03-08
248,56,ORD-000248,264.46,completed,2023-05-18
249,89,ORD-000249,318.17,completed,2021-05-22
250,240,ORD-000250,217.71,refunded,2023-04-18
251,47,ORD-000251,348.35,failed,2023-02-06
252,229,ORD-000252,178.29,failed,2023-02-09
253,21,ORD-000253,310.4,pending,2024-08-31
254,221,ORD-000254,163.02,pending,2024-01-06
255,101,ORD-000255,242.69,pending,2021-01-08
256,194,ORD-000256,20.0,refunded,2023-08-07
257,173,ORD-000257,326.4,failed,2023-12-26
258,98,ORD-000258,372.28,pending,2023-08-02
259,89,ORD-000259,78.25,pending,2025-01-24
260,196,ORD-000260,59.65,failed,2024-06-13
261,197,ORD-000261,421.94,completed,2022-05-08
262,53,ORD-000262,39.61,completed,2023-07-04
263,154,ORD-000263,305.69,completed,2022-05-17
264,190,ORD-000264,29.46,failed,2022-04-25
265,139,ORD-000265,105.6,completed,2021-10-14
266,129,ORD-000266,447.13,pending,2025-02-07
267,148,ORD-000267,150.32,refunded,2022-05-01
268,78,ORD-000268,395.55,pending,2023-04-27
269,77,ORD-000269,131.07,pending,2024-07-06
270,174,ORD-000270,197.97,failed,2021-04-07
271,249,ORD-000271,161.54,failed,2023-12-11
272,82,ORD-000272,316.38,failed,2021-11-02
273,77,ORD-000273,175.64,failed,2022-05-09
274,218,ORD-000274,109.15,pending,2023-08-07
275,235,ORD-000275,35.35,failed,2023-05-04
276,143,ORD-000276,243.2,failed,2022-05-13
277,66,ORD-000277,99.47,completed,2023-07-11
278,217,ORD-000278,173.27,pending,2021-04-16
279,69,ORD-000279,175.95,completed,2021-05-30
280,49,ORD-000280,364.05,pending,2023-09-09
281,54,ORD-000281,392.57,refunded,2022-09-13
282,245,ORD-000282,409.96,pending,2022-01-25
283,247,ORD-000283,336.25,failed,2022-05-12
284,179,ORD-000284,275.94,pending,2023-03-24
285,235,ORD-000285,115.31,refunded,2025-05-08
286,73,ORD-000286,177.49,refunded,2022-09-24
287,67,ORD-000287,168.24,failed,2023-08-13
288,26,ORD-000288,363.24,failed,2025-04-09
289,215,ORD-000289,150.9,pending,2023-01-30
290,81,ORD-000290,192.13,pending,2025-02-27
291,38,ORD-000291,17.14,failed,2022-08-28
292,40,ORD-000292,96.32,pending,2023-02-17
293,146,ORD-000293,376.68,failed,2024-02-02
294,168,ORD-000294,425.12,refunded,2022-06-12
295,196,ORD-000295,371.5,failed,2023-08-02
296,44,ORD-000296,332.42,refunded,2021-12-13
297,36,ORD-000297,326.94,failed,2022-01-12
298,235,ORD-000298,401.32,completed,2023-12-10
299,9,ORD-000299,379.19,completed,2024-09-30
300,13,ORD-000300,346.31,failed,2021-10-09
301,216,ORD-000301,287.51,completed,2024-12-19
302,39,ORD-000302,14.02,failed,2023-02-04
303,16,ORD-000303,281.85,failed,2024-09-12
304,125,ORD-000304,16.92,failed,2021-01-25
305,5,ORD-000305,242.94,refunded,2024-01-03
306,74,ORD-000306,17.54,failed,2022-01-03
307,28,ORD-000307,413.94,pending,2022-05-09
308,50,ORD-000308,282.7,refunded,2022-12-27
309,69,ORD-000309,359.77,completed,2023-02-04
310,246,ORD-000310,188.65,pending,2024-11-28
311,58,ORD-000311,141.99,completed,2024-08-31
312,220,ORD-000312,295.95,completed,2021-07-11
313,104,ORD-000313,176.88,failed,2021-04-25
314,164,ORD-000314,14.16,pending,2021-06-19
315,128,ORD-000315,381.95,refunded,2024-03-04
316,220,ORD-000316,438.49,completed,2022-04-16
317,55,ORD-000317,406.56,failed,2022-07-10
318,12,ORD-000318,416.63,refunded,2024-01-18
319,145,ORD-000319,299.57,pending,2022-10-07
320,5,ORD-000320,433.05,pending,2025-03-21
321,211,ORD-000321,323.59,failed,2021-06-07
322,77,ORD-000322,81.48,pending,2024-03-06
323,214,ORD-000323,383.75,refunded,2023-02-26
324,194,ORD-000324,335.49,completed,2023-10-23
325,191,ORD-000325,438.7,completed,2021-07-20
326,112,ORD-000326,112.14,completed,2022-11-29
327,155,ORD-000327,348.36,failed,2025-05-04
328,84,ORD-000328,23.04,refunded,2023-07-12
329,126,ORD-000329,110.38,failed,2023-06-04
330,48,ORD-000330,309.07,failed,2021-06-25
331,198,ORD-000331,282.19,pending,2024-12-31
332,19,ORD-000332,46.1,pending,2023-02-18
333,183,ORD-000333,354.91,pending,2025-02-23
334,100,ORD-000334,149.34,completed,2021-07-07
335,2,ORD-000335,424.9,failed,2023-01-08
336,195,ORD-000336,128.7,pending,2021-06-28
337,48,ORD-000337,199.63,failed,2021-07-31
338,7,ORD-000338,49.43,completed,2024-05-07
339,154,ORD-000339,355.15,failed,2021-01-26
340,75,ORD-000340,192.08,completed,2025-01-24
341,231,ORD-000341,256.2,pending,2024-03-17
342,134,ORD-000342,84.62,failed,2021-12-14
343,36,ORD-000343,128.32,refunded,2023-10-07
344,38,ORD-000344,37.84,failed,2022-07-20
345,108,ORD-000345,141.89,completed,2023-01-10
346,65,ORD-000346,425.46,failed,2024-05-01
347,158,ORD-000347,96.04,completed,2021-10-05
348,78,ORD-000348,12.98,failed,2022-11-12
349,216,ORD-000349,282.88,refunded,2023-06-21
350,86,ORD-000350,199.47,pending,2022-09-08
351,83,ORD-000351,275.41,pending,2023-09-09
352,81,ORD-000352,88.16,failed,2022-10-16
353,75,ORD-000353,333.34,failed,2024-03-25
354,201,ORD-000354,116.67,failed,2022-07-29
355,210,ORD-000355,355.78,refunded,2021-08-22
356,239,ORD-000356,258.09,pending,2024-10-28
357,197,ORD-000357,252.04,failed,2024-12-21
358,54,ORD-000358,202.92,refunded,2024-11-19
359,18,ORD-000359,370.34,failed,2024-10-10
360,128,ORD-000360,71.24,refunded,2022-05-11
361,65,ORD-000361,299.81,failed,2023-02-12
362,19,ORD-000362,207.59,failed,2024-04-07
363,103,ORD-000363,245.12,failed,2024-01-19
364,10,ORD-000364,357.92,refunded,2024-12-07
365,230,ORD-000365,367.41,completed,2021-08-12
366,197,ORD-000366,119.22,refunded,2021-12-07
367,166,ORD-000367,279.58,failed,2025-03-22
368,85,ORD-000368,434.92,failed,2021-08-05
369,3,ORD-000369,53.39,pending,2023-11-12
370,192,ORD-000370,238.27,pending,2023-07-02
371,96,ORD-000371,182.1,pending,2022-12-08
372,7,ORD-000372,222.42,refunded,2023-05-02
373,236,ORD-000373,433.16,completed,2025-02-04
374,37,ORD-000374,163.26,refunded,2023-07-22
375,201,ORD-000375,101.02,failed,2022-12-15
376,122,ORD-000376,52.95,failed,2022-10-16
377,18,ORD-000377,142.12,completed,2021-02-16
378,218,ORD-000378,160.95,completed,2024-10-18
379,205,ORD-000379,82.32,pending,2023-11-23
380,45,ORD-000380,252.84,refunded,2024-02-21
381,110,ORD-000381,431.72,pending,2023-04-10
382,162,ORD-000382,91.16,failed,2023-03-22
383,8,ORD-000383,334.45,pending,2023-07-10
384,152,ORD-000384,199.0,completed,2024-12-14
385,55,ORD-000385,100.55,completed,2024-03-28
386,27,ORD-000386,361.78,pending,2023-01-20
387,84,ORD-000387,96.71,completed,2022-06-22
388,172,ORD-000388,389.56,refunded,2024-05-07
389,100,ORD-000389,278.98,completed,2022-12-14
390,91,ORD-000390,382.03,pending,2024-10-11
391,181,ORD-000391,362.27,completed,2024-10-08
392,35,ORD-000392,147.8,pending,2022-09-18
393,30,ORD-000393,90.54,pending,2023-11-13
394,100,ORD-000394,194.03,pending,2024-03-23
395,99,ORD-000395,196.14,failed,2024-07-25
396,138,ORD-000396,315.11,pending,2024-02-11
397,43,ORD-000397,225.44,pending,2022-01-19
398,81,ORD-000398,380.47,completed,2023-01-06
399,244,ORD-000399,14.22,pending,2022-02-04
400,209,ORD-000400,178.94,failed,2023-04-18
401,176,ORD-000401,226.36,failed,2023-09-28
402,43,ORD-000402,46.38,completed,2025-04-08
403,57,ORD-000403,138.52,refunded,2022-04-06
404,138,ORD-000404,137.01,failed,2024-03-04
405,191,ORD-000405,349.92,failed,2024-01-31
406,131,ORD-000406,59.81,completed,2022-07-03
407,199,ORD-000407,248.97,refunded,2024-01-16
408,211,ORD-000408,342.99,failed,2024-01-24
409,56,ORD-000409,445.5,completed,2025-02-16
410,213,ORD-000410,297.62,pending,2022-09-02
411,224,ORD-000411,449.7,failed,2022-06-23
412,90,ORD-000412,389.37,completed,2023-06-19
413,222,ORD-000413,447.34,pending,2022-03-06
414,208,ORD-000414,334.55,refunded,2024-12-26
415,157,ORD-000415,288.42,pending,2024-06-15
416,36,ORD-000416,355.33,pending,2021-05-02
417,146,ORD-000417,164.36,refunded,2024-05-07
418,138,ORD-000418,84.09,refunded,2022-08-16
419,147,ORD-000419,127.63,completed,2021-10-05
420,247,ORD-000420,340.04,failed,2021-05-02
421,71,ORD-000421,391.5,pending,2024-12-07
422,222,ORD-000422,68.38,pending,2024-12-27
423,83,ORD-000423,374.53,failed,2023-09-30
424,37,ORD-000424,264.07,refunded,2024-07-09
425,107,ORD-000425,175.08,completed,2024-07-21
426,204,ORD-000426,397.26,completed,2023-04-06
427,132,ORD-000427,339.91,refunded,2023-07-21
428,244,ORD-000428,224.74,completed,2025-05-05
429,217,ORD-000429,332.4,failed,2024-07-24
430,171,ORD-000430,316.81,completed,2023-12-31
431,102,ORD-000431,105.85,failed,2022-03-10
432,127,ORD-000432,128.16,refunded,2022-11-23
433,141,ORD-000433,264.29,failed,2022-12-05
434,229,ORD-000434,310.32,completed,2021-04-05
435,26,ORD-000435,285.52,failed,2021-02-03
436,32,ORD-000436,418.95,pending,2023-06-23
437,117,ORD-000437,10.3,failed,2022-02-19
438,177,ORD-000438,410.14,refunded,2021-11-22
439,224,ORD-000439,420.4,refunded,2021-07-11
440,168,ORD-000440,168.59,completed,2023-02-01
441,171,ORD-000441,407.67,pending,2021-04-17
442,102,ORD-000442,285.27,pending,2023-05-30
443,168,ORD-000443,50.13,completed,2021-01-03
444,55,ORD-000444,219.79,pending,2024-04-30
445,58,ORD-000445,238.56,failed,2021-01-20
446,3,ORD-000446,316.06,completed,2023-05-15
447,178,ORD-000447,68.16,completed,2022-04-14
448,99,ORD-000448,49.31,completed,2021-07-31
449,81,ORD-000449,171.73,refunded,2021-10-08
450,98,ORD-000450,350.32,pending,2024-08-06
451,174,ORD-000451,72.86,completed,2024-06-03
452,167,ORD-000452,82.21,refunded,2025-01-19
453,55,ORD-000453,286.36,pending,2023-04-24
454,158,ORD-000454,312.09,pending,2021-06-27
455,230,ORD-000455,54.2,completed,2024-04-22
456,187,ORD-000456,178.97,failed,2022-10-07
457,203,ORD-000457,71.53,refunded,2024-08-13
458,22,ORD-000458,119.19,refunded,2025-05-15
459,241,ORD-000459,313.81,refunded,2022-02-25
460,133,ORD-000460,277.05,pending,2025-03-12
461,101,ORD-000461,140.04,completed,2022-05-06
462,127,ORD-000462,179.79,pending,2023-10-21
463,164,ORD-000463,271.33,completed,2023-01-10
464,240,ORD-000464,149.25,failed,2024-03-10
465,108,ORD-000465,170.78,pending,2025-04-12
466,121,ORD-000466,429.96,completed,2021-02-04
467,151,ORD-000467,39.71,refunded,2022-03-18
468,11,ORD-000468,415.93,failed,2023-11-04
469,74,ORD-000469,286.57,failed,2023-05-18
470,180,ORD-000470,187.0,pending,2022-07-23
471,22,ORD-000471,146.36,pending,2021-11-15
472,138,ORD-000472,153.77,completed,2022-09-28
473,179,ORD-000473,202.49,pending,2021-04-29
474,63,ORD-000474,47.93,failed,2021-08-26
475,117,ORD-000475,279.41,completed,2022-09-26
476,171,ORD-000476,336.35,pending,2021-09-02
477,4,ORD-000477,321.48,completed,2021-12-02
478,128,ORD-000478,429.33,refunded,2021-12-08
479,96,ORD-000479,65.85,refunded,2025-02-10
480,227,ORD-000480,61.94,completed,2022-11-18
481,207,ORD-000481,198.9,completed,2022-06-23
482,183,ORD-000482,439.02,completed,2023-10-14
483,117,ORD-000483,234.74,completed,2023-10-21
484,220,ORD-000484,259.43,refunded,2021-11-19
485,66,ORD-000485,350.26,completed,2022-04-13
486,190,ORD-000486,233.88,completed,2021-01-26
487,63,ORD-000487,30.23,refunded,2023-02-24
488,236,ORD-000488,76.04,completed,2024-02-07
489,206,ORD-000489,412.14,failed,2022-04-05
490,83,ORD-000490,119.24,refunded,2022-07-10
491,212,ORD-000491,44.27,refunded,2021-09-02
492,129,ORD-000492,306.26,completed,2022-01-03
493,58,ORD-000493,363.91,completed,2023-04-02
494,18,ORD-000494,395.88,refunded,2025-05-04
495,217,ORD-000495,146.71,completed,2024-02-07
496,117,ORD-000496,13.51,pending,2022-08-21
497,145,ORD-000497,355.18,pending,2023-08-09
498,95,ORD-000498,270.34,failed,2025-05-02
499,199,ORD-000499,95.99,pending,2021-11-05
500,2,ORD-000500,420.25,completed,2022-04-23
501,139,ORD-000501,162.43,completed,2022-11-18
502,1,ORD-000502,343.93,failed,2025-02-20
503,187,ORD-000503,145.3,pending,2023-12-22
504,61,ORD-000504,194.72,completed,2021-10-19
505,183,ORD-000505,133.12,completed,2022-04-20
506,230,ORD-000506,382.02,failed,2024-12-06
507,230,ORD-000507,173.9,completed,2024-04-04
508,25,ORD-000508,232.39,failed,2021-06-03
509,152,ORD-000509,259.84,failed,2024-09-18
510,247,ORD-000510,67.51,refunded,2022-06-19
511,218,ORD-000511,148.6,failed,2024-12-06
512,213,ORD-000512,333.56,refunded,2023-07-17
513,70,ORD-000513,112.79,pending,2021-10-06
514,200,ORD-000514,348.86,completed,2021-11-15
515,28,ORD-000515,82.32,failed,2022-10-06
516,105,ORD-000516,63.12,refunded,2025-04-27
517,54,ORD-000517,208.84,failed,2022-06-27
518,219,ORD-000518,62.76,pending,2024-11-06
519,78,ORD-000519,373.61,completed,2022-03-17
520,214,ORD-000520,386.89,pending,2021-07-06
521,183,ORD-000521,119.22,refunded,2023-03-23
522,132,ORD-000522,31.54,refunded,2022-06-17
523,210,ORD-000523,445.9,completed,2023-04-09
524,219,ORD-000524,208.97,pending,2021-07-13
525,119,ORD-000525,54.84,pending,2021-09-06
526,4,ORD-000526,37.13,pending,2021-09-25
527,51,ORD-000527,372.42,refunded,2024-11-06
528,162,ORD-000528,422.53,completed,2024-04-07
529,151,ORD-000529,123.88,completed,2021-02-14
530,17,ORD-000530,97.01,failed,2021-09-21
531,24,ORD-000531,408.23,refunded,2021-09-08
532,11,ORD-000532,424.6,completed,2021-12-11
533,237,ORD-000533,262.51,failed,2023-10-14
534,8,ORD-000534,178.4,failed,2021-12-20
535,91,ORD-000535,104.48,pending,2022-07-18
536,72,ORD-000536,206.25,pending,2021-03-12
537,158,ORD-000537,282.44,pending,2024-08-18
538,76,ORD-000538,229.51,failed,2021-05-05
539,23,ORD-000539,133.1,pending,2023-05-09
540,52,ORD-000540,292.77,pending,2024-07-15
541,206,ORD-000541,249.21,completed,2023-02-23
542,201,ORD-000542,323.88,failed,2024-01-21
543,201,ORD-000543,223.26,refunded,2023-03-07
544,70,ORD-000544,89.12,refunded,2024-05-07
545,57,ORD-000545,22.89,refunded,2021-04-30
546,208,ORD-000546,446.27,refunded,2025-04-20
547,150,ORD-000547,449.83,pending,2021-07-25
548,64,ORD-000548,299.02,refunded,2023-12-29
549,209,ORD-000549,358.14,completed,2025-04-14
550,243,ORD-000550,106.54,failed,2022-12-28
551,240,ORD-000551,379.26,pending,2021-12-27
552,61,ORD-000552,270.71,refunded,2024-04-26
553,8,ORD-000553,319.52,refunded,2024-03-08
554,145,ORD-000554,72.53,pending,2023-10-06
555,139,ORD-000555,145.98,failed,2021-03-19
556,24,ORD-000556,34.71,pending,2021-02-10
557,135,ORD-000557,220.32,refunded,2024-06-11
558,52,ORD-000558,364.84,refunded,2025-01-08
559,46,ORD-000559,414.26,refunded,2021-05-02
560,6,ORD-000560,74.99,pending,2025-05-05
561,29,ORD-000561,382.45,refunded,2021-05-29
562,96,ORD-000562,320.0,failed,2024-04-15
563,26,ORD-000563,158.09,refunded,2021-10-07
564,250,ORD-000564,79.3,failed,2024-08-02
565,246,ORD-000565,224.37,refunded,2021-12-23
566,182,ORD-000566,436.25,refunded,2022-04-03
567,171,ORD-000567,269.14,pending,2023-02-14
568,79,ORD-000568,332.96,refunded,2021-09-18
569,46,ORD-000569,330.69,failed,2025-04-28
570,248,ORD-000570,259.69,pending,2024-05-18
571,82,ORD-000571,415.26,pending,2024-08-02
572,145,ORD-000572,55.81,failed,2021-10-16
573,85,ORD-000573,337.95,pending,2022-12-12
574,82,ORD-000574,83.87,completed,2024-12-22
575,172,ORD-000575,291.21,refunded,2023-07-04
576,3,ORD-000576,126.69,pending,2024-11-20
577,18,ORD-000577,164.21,completed,2025-01-15
578,1,ORD-000578,31.18,failed,2025-02-09
579,108,ORD-000579,436.4,failed,2023-10-07
580,226,ORD-000580,176.63,failed,2021-07-27
581,213,ORD-000581,220.98,pending,2021-11-30
582,116,ORD-000582,42.43,completed,2022-08-27
583,6,ORD-000583,150.24,completed,2021-06-01
584,88,ORD-000584,84.85,failed,2021-11-26
585,188,ORD-000585,43.0,completed,2022-11-24
586,153,ORD-000586,443.52,failed,2024-12-13
587,8,ORD-000587,199.78,pending,2024-05-28
588,228,ORD-000588,201.05,completed,2021-07-27
589,85,ORD-000589,100.44,pending,2023-04-19
590,179,ORD-000590,253.81,refunded,2024-09-14
591,73,ORD-000591,140.86,completed,2021-04-12
592,101,ORD-000592,261.58,failed,2021-11-11
593,14,ORD-000593,168.76,failed,2021-06-29
594,76,ORD-000594,372.51,failed,2022-02-13
595,25,ORD-000595,21.32,pending,2024-07-31
596,75,ORD-000596,439.91,failed,2021-08-25
597,79,ORD-000597,355.35,failed,2023-09-29
598,230,ORD-000598,300.86,completed,2024-08-07
599,140,ORD-000599,180.51,refunded,2023-02-21
600,95,ORD-000600,92.1,completed,2022-06-24
601,113,ORD-000601,214.63,pending,2022-07-05
602,145,ORD-000602,37.12,completed,2021-06-25
603,172,ORD-000603,161.27,failed,2025-03-30
604,151,ORD-000604,110.11,completed,2023-03-04
605,210,ORD-000605,239.94,failed,2024-03-18
606,226,ORD-000606,113.68,refunded,2021-06-11
607,102,ORD-000607,407.22,completed,2023-10-26
608,147,ORD-000608,406.2,pending,2021-09-04
609,244,ORD-000609,343.16,pending,2021-12-09
610,249,ORD-000610,103.23,pending,2021-09-16
611,11,ORD-000611,196.28,failed,2022-02-18
612,211,ORD-000612,285.98,refunded,2022-10-17
613,234,ORD-000613,329.93,completed,2021-06-28
614,100,ORD-000614,254.8,refunded,2022-07-20
615,134,ORD-000615,211.59,completed,2024-12-05
616,160,ORD-000616,268.53,failed,2021-08-19
617,107,ORD-000617,75.84,completed,2021-08-05
618,145,ORD-000618,353.0,refunded,2024-01-02
619,226,ORD-000619,161.3,failed,2022-06-25
620,99,ORD-000620,298.11,failed,2021-03-18
621,45,ORD-000621,131.18,pending,2024-06-20
622,156,ORD-000622,309.56,failed,2021-03-21
623,102,ORD-000623,401.41,refunded,2024-11-15
624,61,ORD-000624,31.69,failed,2022-07-05
625,230,ORD-000625,173.87,refunded,2022-09-13
626,80,ORD-000626,133.35,failed,2024-11-26
627,176,ORD-000627,53.22,pending,2021-10-03
628,77,ORD-000628,438.66,failed,2025-05-05
629,212,ORD-000629,151.18,failed,2024-05-23
630,166,ORD-000630,49.29,failed,2022-03-09
631,234,ORD-000631,372.55,failed,2025-04-05
632,133,ORD-000632,391.56,completed,2023-11-22
633,203,ORD-000633,79.95,refunded,2024-12-24
634,130,ORD-000634,187.49,completed,2021-12-22
635,50,ORD-000635,395.08,pending,2021-04-29
636,64,ORD-000636,24.55,completed,2023-01-09
637,181,ORD-000637,97.61,refunded,2023-08-09
638,130,ORD-000638,184.65,completed,2024-10-27
639,8,ORD-000639,116.45,failed,2024-05-01
640,115,ORD-000640,88.14,failed,2024-04-16
641,142,ORD-000641,163.89,pending,2022-06-14
642,192,ORD-000642,375.58,completed,2022-08-07
643,8,ORD-000643,180.09,pending,2024-03-17
644,200,ORD-000644,434.56,pending,2024-08-18
645,58,ORD-000645,308.19,refunded,2024-08-27
646,105,ORD-000646,235.84,completed,2023-08-29
647,234,ORD-000647,68.22,pending,2024-05-16
648,206,ORD-000648,13.72,refunded,2024-05-30
649,207,ORD-000649,424.92,refunded,2023-05-18
650,230,ORD-000650,175.65,refunded,2023-07-30
651,65,ORD-000651,106.01,refunded,2024-10-18
652,134,ORD-000652,372.7,failed,2024-04-12
653,27,ORD-000653,13.23,refunded,2024-02-24
654,166,ORD-000654,271.26,refunded,2022-09-04
655,176,ORD-000655,57.57,completed,2022-11-20
656,71,ORD-000656,291.86,refunded,2022-06-19
657,168,ORD-000657,322.88,refunded,2022-01-21
658,39,ORD-000658,237.61,pending,2021-04-27
659,207,ORD-000659,387.22,failed,2024-09-14
660,82,ORD-000660,309.53,completed,2024-09-04
661,128,ORD-000661,448.89,refunded,2023-05-08
662,104,ORD-000662,180.84,completed,2024-04-09
663,182,ORD-000663,447.69,pending,2022-12-04
664,186,ORD-000664,323.88,failed,2024-10-07
665,92,ORD-000665,233.22,pending,2024-09-08
666,225,ORD-000666,255.63,refunded,2021-07-19
667,121,ORD-000667,66.3,refunded,2025-01-25
668,207,ORD-000668,255.97,pending,2024-10-24
669,231,ORD-000669,157.68,completed,2022-04-01
670,91,ORD-000670,108.26,refunded,2023-05-12
671,202,ORD-000671,400.21,refunded,2022-06-18
672,150,ORD-000672,139.38,completed,2023-08-22
673,14,ORD-000673,391.21,completed,2023-08-26
674,228,ORD-000674,95.6,completed,2024-10-26
675,98,ORD-000675,243.13,failed,2021-04-21
676,223,ORD-000676,385.87,pending,2022-02-15
677,88,ORD-000677,190.04,failed,2021-10-21
678,81,ORD-000678,389.45,pending,2025-05-15
679,21,ORD-000679,224.54,pending,2022-10-04
680,163,ORD-000680,35.53,failed,2022-07-15
681,54,ORD-000681,344.93,pending,2024-03-26
682,196,ORD-000682,79.71,completed,2021-09-23
683,158,ORD-000683,200.83,failed,2023-04-07
684,110,ORD-000684,434.74,failed,2021-01-10
685,10,ORD-000685,244.86,refunded,2021-01-29
686,229,ORD-000686,151.77,pending,2021-02-06
687,174,ORD-000687,11.81,pending,2022-04-09
688,178,ORD-000688,395.87,refunded,2021-09-22
689,27,ORD-000689,178.76,refunded,2021-12-09
690,17,ORD-000690,372.49,refunded,2022-08-19
691,117,ORD-000691,330.25,refunded,2023-06-08
692,228,ORD-000692,312.18,pending,2022-12-03
693,231,ORD-000693,225.68,pending,2021-12-04
694,243,ORD-000694,409.03,failed,2021-02-09
695,59,ORD-000695,108.7,pending,2022-03-09
696,188,ORD-000696,19.64,pending,2021-09-10
697,94,ORD-000697,322.89,completed,2023-02-08
698,225,ORD-000698,291.74,completed,2024-05-01
699,13,ORD-000699,301.27,completed,2021-04-09
700,177,ORD-000700,60.95,failed,2023-02-18
701,32,ORD-000701,250.8,failed,2024-12-08
702,40,ORD-000702,100.42,completed,2022-09-09
703,108,ORD-000703,301.13,refunded,2024-06-29
704,156,ORD-000704,318.32,failed,2021-08-03
705,131,ORD-000705,326.26,completed,2022-08-02
706,30,ORD-000706,355.29,failed,2022-02-11
707,156,ORD-000707,97.89,refunded,2023-12-08
708,250,ORD-000708,98.74,failed,2022-08-28
709,42,ORD-000709,27.34,failed,2022-03-02
710,177,ORD-000710,420.57,refunded,2022-04-26
711,1,ORD-000711,15.61,completed,2021-08-15
712,214,ORD-000712,262.63,failed,2021-11-02
713,244,ORD-000713,49.64,completed,2025-01-21
714,186,ORD-000714,54.57,refunded,2024-08-12
715,60,ORD-000715,210.97,refunded,2022-06-25
716,119,ORD-000716,32.04,pending,2021-03-22
717,219,ORD-000717,137.85,refunded,2023-05-23
718,190,ORD-000718,61.0,completed,2021-01-20
719,219,ORD-000719,70.89,pending,2022-11-05
720,92,ORD-000720,403.59,refunded,2025-02-10
721,24,ORD-000721,173.95,refunded,2022-01-10
722,30,ORD-000722,186.34,failed,2022-07-11
723,214,ORD-000723,179.71,failed,2023-05-14
724,167,ORD-000724,399.89,pending,2021-08-20
725,34,ORD-000725,316.31,completed,2021-11-23
726,27,ORD-000726,193.05,failed,2024-03-11
727,174,ORD-000727,202.79,failed,2025-05-15
728,92,ORD-000728,279.0,pending,2023-09-17
729,236,ORD-000729,224.77,failed,2023-06-22
730,12,ORD-000730,37.87,refunded,2021-01-26
731,181,ORD-000731,392.07,pending,2024-10-03
732,224,ORD-000732,158.85,completed,2023-06-06
733,170,ORD-000733,329.73,failed,2022-12-10
734,170,ORD-000734,307.57,failed,2021-11-01
735,215,ORD-000735,373.63,completed,2021-01-24
736,165,ORD-000736,421.12,failed,2023-10-13
737,223,ORD-000737,82.78,failed,2022-10-19
738,62,ORD-000738,155.59,refunded,2021-04-14
739,130,ORD-000739,107.99,failed,2023-04-06
740,210,ORD-000740,113.4,failed,2023-06-29
741,206,ORD-000741,262.14,completed,2023-10-18
742,115,ORD-000742,149.07,failed,2025-03-07
743,168,ORD-000743,17.82,failed,2023-04-25
744,10,ORD-000744,255.14,completed,2021-07-06
745,203,ORD-000745,275.85,refunded,2023-11-08
746,144,ORD-000746,101.01,failed,2022-11-30
747,94,ORD-000747,373.14,pending,2023-07-20
748,85,ORD-000748,256.47,failed,2025-01-07
749,169,ORD-000749,169.85,failed,2021-08-22
750,25,ORD-000750,344.1,pending,2021-01-05
751,88,ORD-000751,166.26,refunded,2024-01-27
752,134,ORD-000752,174.51,completed,2021-04-04
753,230,ORD-000753,82.23,pending,2025-01-08
754,191,ORD-000754,327.49,completed,2022-06-05
755,157,ORD-000755,96.21,completed,2023-03-16
756,56,ORD-000756,211.1,pending,2025-01-07
757,87,ORD-000757,57.42,failed,2021-04-06
758,238,ORD-000758,288.63,completed,2025-05-01
759,229,ORD-000759,208.22,pending,2023-10-19
760,2,ORD-000760,243.36,completed,2024-02-08
761,240,ORD-000761,200.44,failed,2023-11-08
762,200,ORD-000762,415.31,pending,2024-11-17
763,149,ORD-000763,86.41,pending,2021-08-01
764,100,ORD-000764,299.31,refunded,2023-10-30
765,226,ORD-000765,179.25,pending,2022-07-15
766,102,ORD-000766,433.98,refunded,2023-07-17
767,207,ORD-000767,68.68,failed,2024-05-18
768,180,ORD-000768,400.03,refunded,2024-12-07
769,141,ORD-000769,388.71,pending,2022-02-16
770,54,ORD-000770,284.63,refunded,2024-11-07
771,89,ORD-000771,415.32,pending,2024-12-25
772,167,ORD-000772,439.08,pending,2023-10-29
773,139,ORD-000773,315.5,refunded,2024-12-25
774,30,ORD-000774,344.74,failed,2024-04-08
775,147,ORD-000775,424.78,failed,2024-10-12
776,192,ORD-000776,403.3,refunded,2023-05-16
777,207,ORD-000777,15.62,completed,2021-02-21
778,98,ORD-000778,73.94,completed,2022-02-14
779,69,ORD-000779,340.08,pending,2022-08-10
780,175,ORD-000780,120.25,completed,2024-11-15
781,201,ORD-000781,139.86,completed,2023-01-05
782,209,ORD-000782,209.14,pending,2025-03-01
783,166,ORD-000783,256.96,pending,2023-11-13
784,201,ORD-000784,360.61,refunded,2024-11-20
785,171,ORD-000785,30.67,failed,2023-03-05
786,107,ORD-000786,430.95,refunded,2024-02-05
787,14,ORD-000787,15.7,refunded,2022-02-20
788,159,ORD-000788,392.29,failed,2022-04-07
789,234,ORD-000789,288.87,refunded,2025-03-27
790,151,ORD-000790,250.51,pending,2025-05-09
791,186,ORD-000791,434.29,refunded,2023-07-09
792,46,ORD-000792,442.72,completed,2022-01-18
793,247,ORD-000793,86.47,completed,2023-02-12
794,11,ORD-000794,198.54,refunded,2021-09-24
795,42,ORD-000795,266.95,refunded,2021-01-12
796,85,ORD-000796,215.19,pending,2021-03-23
797,40,ORD-000797,418.6,completed,2025-05-04
798,239,ORD-000798,285.16,refunded,2023-10-02
799,203,ORD-000799,261.98,refunded,2021-05-30
800,201,ORD-000800,321.38,pending,2022-01-12
801,134,ORD-000801,40.0,pending,2023-05-02
802,140,ORD-000802,246.3,completed,2022-12-17
803,57,ORD-000803,398.69,refunded,2022-11-10
804,93,ORD-000804,139.17,failed,2024-02-24
805,211,ORD-000805,340.94,completed,2021-08-23
806,172,ORD-000806,162.24,pending,2024-08-08
807,158,ORD-000807,414.19,pending,2021-03-23
808,175,ORD-000808,399.69,failed,2021-08-21
809,99,ORD-000809,122.9,refunded,2021-02-20
810,234,ORD-000810,237.42,refunded,2023-11-20
811,206,ORD-000811,233.84,failed,2021-03-31
812,76,ORD-000812,405.24,pending,2022-10-19
813,132,ORD-000813,46.23,completed,2021-12-09
814,249,ORD-000814,430.76,completed,2024-07-07
815,17,ORD-000815,102.74,pending,2024-11-04
816,109,ORD-000816,377.69,pending,2024-01-07
817,213,ORD-000817,319.21,failed,2024-08-17
818,210,ORD-000818,423.49,pending,2021-02-18
819,118,ORD-000819,325.42,completed,2021-06-29
820,19,ORD-000820,33.88,refunded,2024-02-17
821,19,ORD-000821,262.98,pending,2022-06-14
822,105,ORD-000822,180.73,failed,2023-06-06
823,81,ORD-000823,17.43,completed,2024-01-01
824,2,ORD-000824,292.23,completed,2025-03-29
825,191,ORD-000825,267.67,completed,2023-01-03
826,238,ORD-000826,231.25,refunded,2024-11-05
827,78,ORD-000827,276.89,refunded,2025-04-17
828,238,ORD-000828,202.58,failed,2024-09-15
829,8,ORD-000829,218.55,pending,2021-10-07
830,192,ORD-000830,182.04,refunded,2024-07-22
831,37,ORD-000831,141.14,refunded,2021-01-23
832,142,ORD-000832,394.9,pending,2021-09-10
833,11,ORD-000833,12.21,failed,2024-01-06
834,141,ORD-000834,426.67,refunded,2022-03-07
835,192,ORD-000835,336.23,refunded,2022-03-10
836,106,ORD-000836,408.48,pending,2021-11-26
837,48,ORD-000837,107.15,refunded,2022-02-02
838,30,ORD-000838,89.8,completed,2025-03-19
839,239,ORD-000839,445.63,failed,2024-08-13
840,141,ORD-000840,42.18,completed,2022-05-29
841,26,ORD-000841,96.86,failed,2022-11-09
842,92,ORD-000842,66.41,pending,2021-07-24
843,73,ORD-000843,282.59,pending,2022-10-13
844,125,ORD-000844,208.28,refunded,2024-11-21
845,150,ORD-000845,77.05,refunded,2022-10-10
846,246,ORD-000846,198.46,completed,2022-10-04
847,64,ORD-000847,355.69,failed,2022-07-21
848,216,ORD-000848,168.17,refunded,2023-09-10
849,119,ORD-000849,205.96,refunded,2023-09-25
850,142,ORD-000850,57.89,completed,2022-07-29
851,220,ORD-000851,373.64,pending,2022-06-24
852,188,ORD-000852,399.99,completed,2025-01-29
853,20,ORD-000853,402.53,completed,2024-04-06
854,149,ORD-000854,188.26,pending,2021-03-17
855,142,ORD-000855,124.67,failed,2024-09-01
856,199,ORD-000856,75.4,failed,2022-04-03
857,229,ORD-000857,349.74,refunded,2021-10-02
858,119,ORD-000858,230.49,completed,2023-03-24
859,94,ORD-000859,230.95,pending,2024-06-11
860,176,ORD-000860,82.97,pending,2023-07-03
861,41,ORD-000861,88.82,pending,2025-02-16
862,188,ORD-000862,222.74,refunded,2021-03-24
863,57,ORD-000863,345.05,pending,2021-05-09
864,68,ORD-000864,172.55,completed,2024-10-01
865,53,ORD-000865,237.87,refunded,2023-03-06
866,121,ORD-000866,413.88,completed,2021-03-23
867,167,ORD-000867,152.59,refunded,2025-02-28
868,68,ORD-000868,264.6,pending,2023-02-11
869,168,ORD-000869,176.55,completed,2023-11-25
870,65,ORD-000870,175.58,pending,2023-11-24
871,104,ORD-000871,165.28,refunded,2023-09-25
872,203,ORD-000872,222.13,completed,2023-10-25
873,226,ORD-000873,71.15,pending,2022-04-17
874,20,ORD-000874,236.4,refunded,2022-03-10
875,39,ORD-000875,92.24,refunded,2024-05-17
876,184,ORD-000876,369.46,pending,2023-04-30
877,208,ORD-000877,155.3,completed,2023-09-14
878,173,ORD-000878,220.68,pending,2024-04-24
879,42,ORD-000879,294.79,failed,2021-02-15
880,63,ORD-000880,28.98,pending,2021-10-03
881,162,ORD-000881,235.56,pending,2021-04-25
882,43,ORD-000882,123.63,pending,2023-11-25
883,246,ORD-000883,188.4,completed,2025-01-13
884,187,ORD-000884,301.17,refunded,2021-06-25
885,56,ORD-000885,207.65,failed,2023-09-14
886,44,ORD-000886,106.52,failed,2024-05-15
887,37,ORD-000887,359.63,pending,2024-06-30
888,169,ORD-000888,234.75,pending,2025-01-23
889,176,ORD-000889,160.78,failed,2024-05-06
890,152,ORD-000890,40.29,failed,2023-03-01
891,34,ORD-000891,57.77,pending,2023-12-07
892,221,ORD-000892,410.11,failed,2021-11-03
893,156,ORD-000893,52.37,failed,2024-06-13
894,154,ORD-000894,27.18,completed,2021-07-10
895,124,ORD-000895,300.13,completed,2025-05-06
896,174,ORD-000896,295.66,failed,2023-01-29
897,224,ORD-000897,29.11,failed,2022-04-15
898,241,ORD-000898,363.01,failed,2022-12-19
899,151,ORD-000899,364.03,completed,2023-05-22
900,35,ORD-000900,121.99,pending,2021-06-21
901,73,ORD-000901,273.25,failed,2022-06-12
902,49,ORD-000902,12.41,completed,2024-03-29
903,134,ORD-000903,61.84,completed,2023-02-08
904,168,ORD-000904,100.38,refunded,2023-04-18
905,93,ORD-000905,56.9,failed,2024-08-27
906,150,ORD-000906,121.6,failed,2024-03-02
907,94,ORD-000907,279.23,failed,2025-03-27
908,53,ORD-000908,191.82,failed,2022-01-02
909,95,ORD-000909,256.0,failed,2022-06-04
910,79,ORD-000910,264.17,failed,2025-02-15
911,36,ORD-000911,386.2,completed,2025-03-12
912,59,ORD-000912,206.5,pending,2021-07-25
913,55,ORD-000913,233.67,refunded,2024-02-02
914,158,ORD-000914,316.71,completed,2021-11-26
915,100,ORD-000915,434.41,completed,2021-07-06
916,211,ORD-000916,73.94,failed,2021-06-30
917,17,ORD-000917,125.76,refunded,2021-06-13
918,156,ORD-000918,26.61,failed,2023-04-01
919,158,ORD-000919,298.72,refunded,2024-12-28
920,247,ORD-000920,272.89,pending,2024-08-04
921,127,ORD-000921,203.15,pending,2024-09-07
922,239,ORD-000922,363.72,refunded,2022-02-03
923,9,ORD-000923,354.94,pending,2024-06-13
924,44,ORD-000924,306.57,refunded,2022-05-05
925,168,ORD-000925,10.13,pending,2021-06-27
926,71,ORD-000926,353.06,refunded,2024-10-03
927,102,ORD-000927,188.4,pending,2023-11-27
928,4,ORD-000928,334.25,completed,2021-07-04
929,141,ORD-000929,135.18,refunded,2022-12-13
930,247,ORD-000930,368.83,pending,2024-05-26
931,247,ORD-000931,95.59,failed,2024-03-23
932,2,ORD-000932,124.89,failed,2023-11-03
933,28,ORD-000933,255.8,refunded,2022-11-28
934,243,ORD-000934,61.48,refunded,2024-01-07
935,209,ORD-000935,359.09,refunded,2024-11-22
936,114,ORD-000936,435.06,failed,2025-04-26
937,63,ORD-000937,343.29,failed,2024-10-27
938,118,ORD-000938,404.47,completed,2023-09-15
939,30,ORD-000939,123.44,failed,2024-07-21
940,202,ORD-000940,447.45,pending,2022-10-09
941,106,ORD-000941,430.4,completed,2024-12-06
942,214,ORD-000942,125.87,refunded,2021-07-10
943,103,ORD-000943,306.43,refunded,2021-06-05
944,142,ORD-000944,419.81,failed,2022-10-05
945,91,ORD-000945,106.17,refunded,2022-01-10
946,243,ORD-000946,338.31,pending,2023-10-19
947,189,ORD-000947,97.85,pending,2022-06-28
948,53,ORD-000948,110.85,pending,2024-06-20
949,92,ORD-000949,78.64,completed,2021-09-03
950,236,ORD-000950,44.53,failed,2024-06-11
951,2,ORD-000951,346.27,completed,2023-09-15
952,96,ORD-000952,283.09,failed,2024-03-22
953,223,ORD-000953,130.88,pending,2025-04-15
954,235,ORD-000954,234.9,failed,2022-03-31
955,193,ORD-000955,263.73,completed,2023-12-13
956,205,ORD-000956,196.2,completed,2023-10-27
957,89,ORD-000957,183.24,pending,2023-07-26
958,250,ORD-000958,62.96,failed,2022-10-09
959,177,ORD-000959,13.7,pending,2023-02-17
960,149,ORD-000960,54.33,refunded,2024-06-08
961,221,ORD-000961,124.27,refunded,2022-05-01
962,69,ORD-000962,217.39,refunded,2023-01-20
963,48,ORD-000963,229.46,pending,2023-05-09
964,180,ORD-000964,340.97,refunded,2023-04-01
965,72,ORD-000965,208.32,pending,2024-03-25
966,176,ORD-000966,110.57,completed,2025-01-16
967,70,ORD-000967,363.8,failed,2023-02-20
968,51,ORD-000968,74.17,pending,2023-08-27
969,207,ORD-000969,14.29,failed,2023-10-21
970,35,ORD-000970,448.05,refunded,2023-09-24
971,77,ORD-000971,120.43,completed,2023-03-27
972,26,ORD-000972,313.84,completed,2022-03-18
973,209,ORD-000973,121.89,completed,2023-07-11
974,191,ORD-000974,157.25,refunded,2023-01-08
975,144,ORD-000975,255.3,refunded,2022-12-06
976,6,ORD-000976,191.17,refunded,2024-10-23
977,247,ORD-000977,276.45,pending,2025-05-18
978,73,ORD-000978,166.25,failed,2025-05-06
979,189,ORD-000979,206.65,completed,2023-02-20
980,158,ORD-000980,136.07,pending,2021-12-10
981,164,ORD-000981,365.4,refunded,2023-05-14
982,162,ORD-000982,279.42,failed,2021-05-27
983,21,ORD-000983,81.28,pending,2022-10-05
984,82,ORD-000984,297.33,refunded,2024-05-24
985,166,ORD-000985,184.0,failed,2025-05-19
986,221,ORD-000986,423.06,failed,2023-04-28
987,43,ORD-000987,90.91,completed,2021-09-14
988,187,ORD-000988,113.24,refunded,2025-03-04
989,180,ORD-000989,339.89,pending,2021-12-08
990,102,ORD-000990,55.32,completed,2023-08-28
991,141,ORD-000991,33.68,failed,2023-12-10
992,196,ORD-000992,448.25,completed,2022-06-22
993,159,ORD-000993,78.32,failed,2022-09-26
994,59,ORD-000994,118.85,refunded,2023-06-27
995,161,ORD-000995,65.62,pending,2021-02-28
996,9,ORD-000996,301.96,refunded,2023-09-03
997,120,ORD-000997,438.99,refunded,2024-01-29
998,114,ORD-000998,69.45,pending,2024-04-25
999,153,ORD-000999,210.88,failed,2023-12-09
1000,164,ORD-001000,291.39,refunded,2022-12-13
1001,124,ORD-001001,247.45,completed,2023-06-24
1002,79,ORD-001002,170.94,refunded,2021-11-15
1003,78,ORD-001003,14.64,pending,2022-12-06
1004,74,ORD-001004,216.45,completed,2024-11-09
1005,237,ORD-001005,226.45,failed,2022-09-06
1006,3,ORD-001006,346.98,refunded,2024-05-07
1007,60,ORD-001007,360.58,refunded,2022-01-22
1008,106,ORD-001008,398.15,failed,2023-03-20
1009,64,ORD-001009,81.84,failed,2023-02-14
1010,57,ORD-001010,125.71,failed,2024-07-04
1011,62,ORD-001011,237.31,refunded,2022-08-07
1012,167,ORD-001012,336.89,refunded,2023-04-26
1013,49,ORD-001013,385.53,pending,2021-10-07
1014,75,ORD-001014,58.56,failed,2024-06-19
1015,116,ORD-001015,129.74,failed,2022-01-20
1016,83,ORD-001016,18.53,completed,2024-01-01
1017,6,ORD-001017,91.81,completed,2022-08-01
1018,69,ORD-001018,65.02,failed,2025-01-29
1019,3,ORD-001019,112.44,pending,2021-01-31
1020,127,ORD-001020,105.56,failed,2022-10-01
1021,202,ORD-001021,361.76,refunded,2023-08-08
1022,179,ORD-001022,358.23,refunded,2021-06-14
1023,216,ORD-001023,340.25,pending,2021-04-25
1024,69,ORD-001024,351.29,completed,2024-01-18
1025,121,ORD-001025,89.91,refunded,2023-02-21
1026,213,ORD-001026,15.55,pending,2023-02-28
1027,198,ORD-001027,438.99,pending,2025-02-19
1028,9,ORD-001028,97.64,completed,2023-12-04
1029,171,ORD-001029,442.13,failed,2023-03-08
1030,175,ORD-001030,432.93,refunded,2021-11-21
1031,162,ORD-001031,330.42,completed,2022-06-03
1032,124,ORD-001032,290.95,pending,2023-01-09
1033,228,ORD-001033,32.92,pending,2021-08-20
1034,61,ORD-001034,288.48,refunded,2021-01-31
1035,43,ORD-001035,359.53,completed,2023-03-22
1036,203,ORD-001036,116.96,completed,2024-04-05
1037,201,ORD-001037,313.93,pending,2023-01-31
1038,198,ORD-001038,49.37,pending,2023-10-21
1039,24,ORD-001039,311.82,refunded,2025-04-05
1040,161,ORD-001040,36.42,refunded,2024-08-13
1041,40,ORD-001041,318.58,completed,2021-09-15
1042,125,ORD-001042,112.38,refunded,2023-06-18
1043,188,ORD-001043,94.9,failed,2023-01-04
1044,186,ORD-001044,69.28,completed,2023-09-21
1045,181,ORD-001045,202.5,refunded,2024-01-17
1046,179,ORD-001046,225.64,pending,2024-01-19
1047,90,ORD-001047,152.42,failed,2022-07-18
1048,223,ORD-001048,375.79,pending,2021-05-22
1049,136,ORD-001049,78.21,refunded,2022-06-24
1050,139,ORD-001050,171.53,completed,2025-05-09
1051,164,ORD-001051,232.62,pending,2021-02-08
1052,159,ORD-001052,387.0,pending,2022-10-19
1053,185,ORD-001053,37.87,failed,2022-01-24
1054,135,ORD-001054,310.62,pending,2024-06-09
1055,73,ORD-001055,151.94,refunded,2021-08-15
1056,25,ORD-001056,240.21,completed,2021-03-31
1057,214,ORD-001057,422.63,pending,2021-03-06
1058,52,ORD-001058,57.1,pending,2021-07-22
1059,9,ORD-001059,261.25,failed,2024-09-09
1060,126,ORD-001060,241.36,refunded,2021-04-11
1061,94,ORD-001061,107.12,completed,2021-01-27
1062,239,ORD-001062,415.26,failed,2021-06-13
1063,120,ORD-001063,362.45,completed,2023-01-10
1064,143,ORD-001064,337.13,failed,2023-01-26
1065,204,ORD-001065,321.71,refunded,2023-12-20
1066,11,ORD-001066,333.09,refunded,2021-06-09
1067,242,ORD-001067,105.0,completed,2021-07-27
1068,186,ORD-001068,111.65,failed,2022-01-24
1069,50,ORD-001069,241.52,pending,2024-03-13
1070,161,ORD-001070,426.9,failed,2025-03-09
1071,28,ORD-001071,347.16,refunded,2024-10-13
1072,118,ORD-001072,319.12,failed,2021-08-02
1073,43,ORD-001073,358.68,failed,2023-10-31
1074,87,ORD-001074,299.31,failed,2022-12-23
1075,232,ORD-001075,148.67,refunded,2023-02-01
1076,106,ORD-001076,346.24,failed,2025-01-26
1077,83,ORD-001077,277.7,pending,2023-02-08
1078,197,ORD-001078,252.11,refunded,2023-01-08
1079,247,ORD-001079,209.06,failed,2021-01-01
1080,186,ORD-001080,25.25,refunded,2024-05-05
1081,5,ORD-001081,237.75,refunded,2021-01-14
1082,77,ORD-001082,443.13,pending,2022-10-07
1083,6,ORD-001083,349.47,refunded,2024-02-08
1084,131,ORD-001084,254.78,pending,2021-07-13
1085,10,ORD-001085,212.56,pending,2021-10-11
1086,68,ORD-001086,171.52,pending,2022-04-23
1087,66,ORD-001087,366.87,completed,2024-03-14
1088,103,ORD-001088,260.39,pending,2025-02-12
1089,20,ORD-001089,328.38,failed,2021-12-21
1090,125,ORD-001090,373.31,completed,2024-05-04
1091,165,ORD-001091,142.17,failed,2021-06-10
1092,200,ORD-001092,34.61,refunded,2022-12-14
1093,226,ORD-001093,369.54,failed,2021-09-04
1094,223,ORD-001094,348.97,completed,2024-07-22
1095,200,ORD-001095,288.17,completed,2022-09-17
1096,135,ORD-001096,28.12,pending,2022-11-01
1097,129,ORD-001097,317.02,pending,2021-04-14
1098,173,ORD-001098,331.89,failed,2023-07-02
1099,193,ORD-001099,271.86,completed,2022-03-31
1100,111,ORD-001100,137.5,failed,2021-10-31
1101,34,ORD-001101,157.91,failed,2024-03-16
1102,191,ORD-001102,31.7,failed,2022-06-22
1103,22,ORD-001103,185.35,failed,2025-05-04
1104,179,ORD-001104,67.37,pending,2023-09-12
1105,144,ORD-001105,97.17,failed,2024-08-28
1106,147,ORD-001106,96.28,pending,2022-05-12
1107,19,ORD-001107,127.15,failed,2022-10-25
1108,176,ORD-001108,416.62,completed,2021-08-19
1109,172,ORD-001109,191.98,refunded,2022-12-15
1110,49,ORD-001110,151.12,completed,2025-04-26
1111,79,ORD-001111,84.47,refunded,2024-06-16
1112,211,ORD-001112,445.67,failed,2024-06-30
1113,38,ORD-001113,203.8,pending,2022-02-13
1114,176,ORD-001114,174.48,completed,2021-08-19
1115,190,ORD-001115,34.0,pending,2022-08-13
1116,4,ORD-001116,161.04,completed,2022-09-17
1117,116,ORD-001117,217.32,refunded,2022-03-05
1118,190,ORD-001118,246.72,pending,2024-01-25
1119,134,ORD-001119,340.16,failed,2024-06-29
1120,187,ORD-001120,446.61,completed,2023-02-11
1121,150,ORD-001121,408.66,completed,2022-06-08
1122,44,ORD-001122,36.45,pending,2024-11-27
1123,159,ORD-001123,129.36,failed,2024-09-02
1124,242,ORD-001124,13.67,failed,2024-09-14
1125,70,ORD-001125,301.71,refunded,2021-08-09
1126,5,ORD-001126,138.7,failed,2022-04-19
1127,98,ORD-001127,233.76,completed,2022-10-09
1128,125,ORD-001128,391.38,completed,2022-01-17
1129,51,ORD-001129,230.29,failed,2024-02-23
1130,238,ORD-001130,323.49,completed,2022-05-22
1131,237,ORD-001131,242.94,refunded,2023-10-01
1132,101,ORD-001132,337.53,completed,2022-12-12
1133,176,ORD-001133,164.84,refunded,2022-04-29
1134,129,ORD-001134,131.39,completed,2024-07-05
1135,66,ORD-001135,396.62,completed,2024-02-11
1136,243,ORD-001136,133.29,pending,2022-12-01
1137,230,ORD-001137,182.85,pending,2021-06-29
1138,187,ORD-001138,178.17,pending,2023-05-05
1139,62,ORD-001139,262.08,failed,2022-10-02
1140,233,ORD-001140,276.36,failed,2024-01-16
1141,34,ORD-001141,100.97,pending,2024-04-04
1142,139,ORD-001142,310.98,pending,2021-10-10
1143,80,ORD-001143,312.95,pending,2023-05-31
1144,233,ORD-001144,439.34,pending,2024-09-05
1145,239,ORD-001145,258.53,pending,2022-10-13
1146,18,ORD-001146,255.23,completed,2022-01-13
1147,82,ORD-001147,379.39,pending,2025-01-29
1148,8,ORD-001148,346.79,failed,2023-04-23
1149,78,ORD-001149,204.92,refunded,2021-11-08
1150,200,ORD-001150,92.69,pending,2022-01-14
1151,7,ORD-001151,345.48,refunded,2024-05-25
1152,146,ORD-001152,279.44,pending,2022-04-18
1153,176,ORD-001153,21.48,completed,2024-11-10
1154,200,ORD-001154,219.7,failed,2024-12-29
1155,167,ORD-001155,174.54,failed,2023-10-04
1156,122,ORD-001156,70.51,pending,2022-04-09
1157,9,ORD-001157,189.78,completed,2022-07-07
1158,244,ORD-001158,191.74,pending,2025-04-01
1159,53,ORD-001159,39.1,failed,2024-06-17
1160,126,ORD-001160,312.66,failed,2022-05-21
1161,110,ORD-001161,188.14,completed,2024-05-30
1162,189,ORD-001162,372.7,refunded,2023-03-19
1163,157,ORD-001163,423.22,completed,2023-12-03
1164,28,ORD-001164,208.71,completed,2022-05-19
1165,133,ORD-001165,246.66,completed,2024-02-17
1166,100,ORD-001166,237.1,completed,2022-01-24
1167,75,ORD-001167,203.4,refunded,2025-05-04
1168,212,ORD-001168,135.8,pending,2023-05-16
1169,76,ORD-001169,279.78,completed,2024-11-14
1170,133,ORD-001170,407.62,failed,2024-08-16
1171,116,ORD-001171,49.79,completed,2022-01-04
1172,200,ORD-001172,267.6,pending,2023-03-17
1173,106,ORD-001173,152.32,completed,2022-01-02
1174,117,ORD-001174,269.74,pending,2023-07-21
1175,24,ORD-001175,120.04,pending,2025-01-11
1176,188,ORD-001176,64.36,completed,2024-12-17
1177,116,ORD-001177,288.99,completed,2023-12-09
1178,182,ORD-001178,179.0,pending,2023-02-15
1179,141,ORD-001179,177.47,pending,2022-11-18
1180,145,ORD-001180,393.37,pending,2021-11-29
1181,223,ORD-001181,73.63,completed,2023-05-10
1182,79,ORD-001182,146.19,failed,2022-08-15
1183,161,ORD-001183,89.51,pending,2022-02-20
1184,1,ORD-001184,283.93,refunded,2021-01-26
1185,118,ORD-001185,228.96,failed,2024-01-19
1186,207,ORD-001186,12.53,failed,2022-05-03
1187,56,ORD-001187,269.1,failed,2023-07-19
1188,105,ORD-001188,204.43,completed,2022-05-17
1189,226,ORD-001189,250.83,pending,2021-04-11
1190,48,ORD-001190,75.23,refunded,2021-03-17
1191,38,ORD-001191,385.68,refunded,2022-11-10
1192,236,ORD-001192,48.59,completed,2023-05-04
1193,46,ORD-001193,80.99,refunded,2024-06-05
1194,170,ORD-001194,314.27,pending,2023-07-22
1195,192,ORD-001195,264.75,completed,2021-07-10
1196,197,ORD-001196,141.69,refunded,2023-02-16
1197,210,ORD-001197,39.77,failed,2024-02-02
1198,17,ORD-001198,138.85,pending,2021-09-07
1199,178,ORD-001199,388.14,refunded,2023-12-16
1200,106,ORD-001200,240.84,pending,2024-06-07
1201,15,ORD-001201,58.09,completed,2023-09-18
1202,186,ORD-001202,313.01,refunded,2023-05-25
1203,156,ORD-001203,383.03,refunded,2023-12-13
1204,148,ORD-001204,447.81,refunded,2021-09-23
1205,158,ORD-001205,257.56,failed,2023-10-06
1206,207,ORD-001206,89.16,pending,2024-12-22
1207,75,ORD-001207,440.87,completed,2021-08-31
1208,7,ORD-001208,214.55,completed,2025-02-19
1209,218,ORD-001209,101.23,failed,2023-04-28
1210,12,ORD-001210,156.87,pending,2021-01-24
1211,164,ORD-001211,98.52,refunded,2022-06-06
1212,203,ORD-001212,39.85,refunded,2023-11-04
1213,141,ORD-001213,152.53,completed,2021-08-22
1214,176,ORD-001214,156.64,failed,2025-01-23
1215,146,ORD-001215,281.04,completed,2021-12-26
1216,50,ORD-001216,155.43,refunded,2024-10-09
1217,123,ORD-001217,413.11,completed,2024-08-15
1218,35,ORD-001218,221.86,failed,2024-01-05
1219,230,ORD-001219,157.45,failed,2025-03-01
1220,15,ORD-001220,377.45,refunded,2024-03-03
1221,186,ORD-001221,308.41,completed,2022-03-03
1222,148,ORD-001222,311.62,refunded,2021-05-16
1223,249,ORD-001223,75.69,completed,2022-11-26
1224,97,ORD-001224,285.66,pending,2024-03-15
1225,156,ORD-001225,181.41,completed,2025-03-20
1226,79,ORD-001226,320.32,refunded,2024-12-24
1227,9,ORD-001227,129.46,completed,2023-10-15
1228,225,ORD-001228,114.56,failed,2022-09-12
1229,56,ORD-001229,241.04,pending,2021-08-18
1230,96,ORD-001230,355.38,pending,2021-07-09
1231,114,ORD-001231,232.64,failed,2023-10-22
1232,40,ORD-001232,93.69,failed,2025-02-09
1233,224,ORD-001233,240.4,refunded,2021-10-21
1234,197,ORD-001234,393.59,pending,2022-02-25
1235,186,ORD-001235,26.08,failed,2025-01-01
1236,222,ORD-001236,239.83,completed,2022-09-29
1237,239,ORD-001237,29.37,completed,2022-11-14
1238,120,ORD-001238,401.24,completed,2023-12-03
1239,197,ORD-001239,299.95,refunded,2021-02-16
1240,148,ORD-001240,343.74,pending,2022-10-20
1241,52,ORD-001241,94.72,refunded,2023-12-27
1242,82,ORD-001242,350.03,completed,2022-07-13
1243,39,ORD-001243,79.3,completed,2021-02-01
1244,246,ORD-001244,284.1,completed,2022-02-28
1245,139,ORD-001245,164.14,refunded,2022-07-10
1246,37,ORD-001246,425.04,refunded,2024-03-21
1247,63,ORD-001247,85.36,refunded,2024-06-09
1248,229,ORD-001248,159.05,failed,2021-04-14
1249,34,ORD-001249,22.76,completed,2021-08-05
1250,99,ORD-001250,33.67,failed,2023-03-14
1251,46,ORD-001251,320.06,failed,2024-06-16
1252,92,ORD-001252,147.47,pending,2024-12-31
1253,195,ORD-001253,305.18,completed,2025-03-28
1254,196,ORD-001254,214.91,pending,2021-07-10
1255,209,ORD-001255,363.03,failed,2021-07-19
1256,117,ORD-001256,146.57,failed,2023-08-22
1257,60,ORD-001257,426.88,pending,2024-06-17
1258,67,ORD-001258,411.66,failed,2022-01-11
1259,180,ORD-001259,413.6,refunded,2022-10-28
1260,117,ORD-001260,224.5,completed,2023-09-01
1261,29,ORD-001261,164.63,failed,2021-12-16
1262,73,ORD-001262,347.89,pending,2023-11-07
1263,27,ORD-001263,188.5,completed,2022-10-30
1264,143,ORD-001264,295.76,refunded,2023-12-28
1265,119,ORD-001265,186.36,failed,2022-05-04
1266,159,ORD-001266,117.22,pending,2023-09-15
1267,99,ORD-001267,39.07,pending,2024-11-22
1268,152,ORD-001268,199.71,failed,2024-03-07
1269,202,ORD-001269,160.57,pending,2021-12-21
1270,170,ORD-001270,304.63,failed,2021-08-23
1271,152,ORD-001271,272.27,refunded,2024-02-11
1272,25,ORD-001272,371.69,pending,2022-09-23
1273,245,ORD-001273,188.55,completed,2024-11-04
1274,209,ORD-001274,272.42,failed,2022-11-02
1275,127,ORD-001275,293.8,completed,2021-07-05
1276,56,ORD-001276,369.49,completed,2025-03-31
1277,38,ORD-001277,300.79,failed,2023-12-25
1278,75,ORD-001278,181.59,failed,2022-02-05
1279,53,ORD-001279,309.87,refunded,2022-09-06
1280,146,ORD-001280,359.51,refunded,2023-06-10
1281,184,ORD-001281,442.34,refunded,2021-07-02
1282,150,ORD-001282,13.57,failed,2021-09-19
1283,219,ORD-001283,139.44,refunded,2024-01-30
1284,248,ORD-001284,33.38,refunded,2021-08-13
1285,221,ORD-001285,134.17,completed,2022-04-27
1286,111,ORD-001286,318.98,failed,2024-07-04
1287,82,ORD-001287,323.18,failed,2023-02-21
1288,112,ORD-001288,249.85,pending,2023-08-31
1289,36,ORD-001289,92.82,failed,2023-01-08
1290,216,ORD-001290,193.58,refunded,2024-10-04
1291,33,ORD-001291,69.08,completed,2024-08-20
1292,5,ORD-001292,73.36,failed,2024-09-09
1293,112,ORD-001293,438.99,pending,2021-06-23
1294,36,ORD-001294,292.59,failed,2023-07-23
1295,229,ORD-001295,357.13,failed,2024-06-30
1296,47,ORD-001296,209.93,failed,2024-02-05
1297,210,ORD-001297,208.02,refunded,2022-04-08
1298,48,ORD-001298,196.9,completed,2024-03-29
1299,128,ORD-001299,382.59,pending,2024-12-29
1300,129,ORD-001300,128.47,refunded,2021-03-10
1301,10,ORD-001301,259.99,refunded,2021-08-20
1302,149,ORD-001302,221.87,completed,2021-10-18
1303,187,ORD-001303,331.77,refunded,2023-08-11
1304,133,ORD-001304,44.42,completed,2022-05-18
1305,121,ORD-001305,287.49,completed,2024-11-01
1306,163,ORD-001306,247.25,refunded,2024-06-09
1307,14,ORD-001307,407.58,completed,2023-08-19
1308,117,ORD-001308,235.57,failed,2024-03-21
1309,188,ORD-001309,155.87,refunded,2022-08-27
1310,75,ORD-001310,83.7,refunded,2025-01-28
1311,201,ORD-001311,258.03,completed,2024-07-12
1312,122,ORD-001312,264.38,completed,2024-09-06
1313,75,ORD-001313,365.91,completed,2022-08-11
1314,125,ORD-001314,46.3,completed,2022-07-24
1315,65,ORD-001315,68.32,refunded,2022-07-18
1316,220,ORD-001316,123.06,completed,2024-05-21
1317,45,ORD-001317,410.46,pending,2024-09-11
1318,115,ORD-001318,172.7,pending,2022-06-20
1319,201,ORD-001319,318.34,failed,2022-01-06
1320,205,ORD-001320,242.05,completed,2022-12-04
1321,22,ORD-001321,435.63,pending,2023-10-13
1322,193,ORD-001322,447.18,failed,2022-05-03
1323,170,ORD-001323,203.68,pending,2022-03-08
1324,148,ORD-001324,333.12,refunded,2021-04-22
1325,165,ORD-001325,126.33,completed,2021-04-18
1326,43,ORD-001326,214.17,failed,2022-09-10
1327,122,ORD-001327,338.31,pending,2023-02-17
1328,175,ORD-001328,320.47,failed,2022-06-22
1329,38,ORD-001329,243.39,failed,2021-01-25
1330,74,ORD-001330,417.98,failed,2023-02-22
1331,174,ORD-001331,148.9,completed,2021-07-19
1332,235,ORD-001332,243.77,refunded,2023-06-04
1333,157,ORD-001333,413.94,refunded,2022-11-18
1334,70,ORD-001334,127.52,completed,2022-06-07
1335,168,ORD-001335,267.04,failed,2025-05-03
1336,173,ORD-001336,339.6,pending,2023-12-01
1337,87,ORD-001337,308.2,pending,2022-10-04
1338,141,ORD-001338,14.65,completed,2021-05-20
1339,4,ORD-001339,190.95,completed,2024-11-04
1340,115,ORD-001340,164.67,refunded,2022-05-31
1341,50,ORD-001341,24.98,completed,2021-04-27
1342,241,ORD-001342,271.42,pending,2024-05-12
1343,164,ORD-001343,63.59,completed,2021-06-26
1344,220,ORD-001344,276.06,failed,2024-09-06
1345,196,ORD-001345,405.95,pending,2021-08-16
1346,179,ORD-001346,91.08,refunded,2023-08-15
1347,170,ORD-001347,421.92,failed,2022-07-21
1348,197,ORD-001348,197.87,refunded,2022-06-12
1349,42,ORD-001349,353.52,refunded,2025-05-11
1350,16,ORD-001350,178.43,refunded,2021-05-04
1351,67,ORD-001351,430.47,refunded,2021-12-31
1352,113,ORD-001352,40.54,pending,2024-06-03
1353,101,ORD-001353,88.51,failed,2021-08-11
1354,37,ORD-001354,247.88,failed,2022-03-24
1355,158,ORD-001355,293.07,failed,2025-01-05
1356,67,ORD-001356,55.45,completed,2021-05-25
1357,147,ORD-001357,330.12,failed,2021-02-08
1358,230,ORD-001358,228.99,completed,2021-03-19
1359,171,ORD-001359,181.81,pending,2024-12-04
1360,85,ORD-001360,408.03,completed,2023-11-22
1361,182,ORD-001361,423.56,failed,2023-09-07
1362,112,ORD-001362,187.72,completed,2024-01-12
1363,58,ORD-001363,11.46,failed,2021-09-06
1364,146,ORD-001364,245.53,refunded,2022-11-14
1365,175,ORD-001365,143.24,completed,2024-07-18
1366,246,ORD-001366,294.71,refunded,2023-12-31
1367,219,ORD-001367,432.81,completed,2023-07-31
1368,195,ORD-001368,347.26,pending,2021-12-28
1369,142,ORD-001369,27.31,failed,2024-09-15
1370,49,ORD-001370,141.5,failed,2021-08-07
1371,162,ORD-001371,313.09,failed,2021-06-23
1372,227,ORD-001372,288.43,pending,2021-10-14
1373,10,ORD-001373,94.96,pending,2023-09-29
1374,100,ORD-001374,37.72,refunded,2023-10-21
1375,137,ORD-001375,434.58,failed,2021-02-03
1376,10,ORD-001376,159.29,refunded,2025-01-16
1377,11,ORD-001377,188.42,pending,2024-09-01
1378,171,ORD-001378,240.17,pending,2025-02-26
1379,149,ORD-001379,112.51,completed,2021-03-17
1380,189,ORD-001380,72.3,completed,2023-08-24
1381,233,ORD-001381,413.93,completed,2022-05-13
1382,180,ORD-001382,295.47,completed,2021-12-19
1383,162,ORD-001383,31.98,refunded,2021-07-19
1384,117,ORD-001384,278.94,completed,2021-08-06
1385,30,ORD-001385,228.74,pending,2021-05-10
1386,206,ORD-001386,99.16,refunded,2025-02-20
1387,174,ORD-001387,186.88,completed,2024-11-02
1388,148,ORD-001388,250.19,refunded,2022-03-13
1389,196,ORD-001389,30.06,pending,2022-11-19
1390,17,ORD-001390,63.13,pending,2025-04-01
1391,107,ORD-001391,83.94,refunded,2024-02-08
1392,43,ORD-001392,203.01,completed,2021-10-01
1393,26,ORD-001393,358.06,failed,2025-05-12
1394,41,ORD-001394,16.88,failed,2021-06-15
1395,2,ORD-001395,13.18,completed,2024-12-18
1396,167,ORD-001396,271.24,refunded,2023-05-03
1397,178,ORD-001397,365.26,failed,2024-11-18
1398,33,ORD-001398,100.71,refunded,2023-12-08
1399,116,ORD-001399,191.29,pending,2024-06-04
1400,178,ORD-001400,26.55,pending,2025-01-08
1401,128,ORD-001401,279.3,completed,2024-07-08
1402,212,ORD-001402,354.34,refunded,2023-05-08
1403,2,ORD-001403,255.39,pending,2021-08-29
1404,136,ORD-001404,439.79,refunded,2025-04-08
1405,139,ORD-001405,233.32,failed,2025-04-27
1406,161,ORD-001406,300.1,refunded,2021-04-19
1407,50,ORD-001407,59.58,pending,2024-11-04
1408,217,ORD-001408,436.17,failed,2023-10-16
1409,46,ORD-001409,80.29,completed,2021-04-21
1410,166,ORD-001410,170.24,pending,2023-06-10
1411,65,ORD-001411,157.09,failed,2021-03-30
1412,27,ORD-001412,335.78,pending,2021-11-20
1413,202,ORD-001413,22.79,completed,2021-05-26
1414,230,ORD-001414,113.53,failed,2024-04-28
1415,149,ORD-001415,153.43,pending,2025-03-11
1416,174,ORD-001416,405.28,pending,2025-05-15
1417,29,ORD-001417,153.5,completed,2022-05-01
1418,189,ORD-001418,191.54,pending,2023-02-09
1419,229,ORD-001419,107.09,failed,2024-04-13
1420,125,ORD-001420,33.91,failed,2021-10-24
1421,56,ORD-001421,418.27,failed,2021-12-31
1422,100,ORD-001422,174.33,failed,2025-01-14
1423,50,ORD-001423,288.09,refunded,2022-02-19
1424,86,ORD-001424,65.97,completed,2022-07-29
1425,35,ORD-001425,58.89,failed,2023-07-29
1426,108,ORD-001426,85.33,refunded,2022-03-27
1427,227,ORD-001427,139.87,pending,2024-07-30
1428,244,ORD-001428,279.07,pending,2024-03-29
1429,249,ORD-001429,253.21,pending,2021-06-27
1430,106,ORD-001430,387.07,failed,2022-03-20
1431,152,ORD-001431,218.34,failed,2022-07-26
1432,4,ORD-001432,331.21,pending,2022-05-23
1433,84,ORD-001433,201.07,pending,2024-04-26
1434,243,ORD-001434,75.55,completed,2023-05-06
1435,12,ORD-001435,27.63,failed,2025-02-11
1436,197,ORD-001436,231.86,failed,2023-12-24
1437,101,ORD-001437,220.88,completed,2023-07-16
1438,127,ORD-001438,115.83,completed,2024-11-20
1439,188,ORD-001439,188.91,pending,2021-09-29
1440,92,ORD-001440,140.15,completed,2021-02-02
1441,123,ORD-001441,304.38,pending,2024-12-11
1442,118,ORD-001442,387.49,completed,2023-07-21
1443,119,ORD-001443,349.61,failed,2022-01-14
1444,203,ORD-001444,393.48,failed,2024-12-12
1445,163,ORD-001445,10.6,completed,2023-02-28
1446,229,ORD-001446,313.93,completed,2022-08-31
1447,110,ORD-001447,341.27,pending,2024-11-03
1448,21,ORD-001448,283.0,refunded,2025-02-15
1449,239,ORD-001449,34.12,refunded,2021-04-16
1450,29,ORD-001450,178.5,failed,2024-06-21
1451,11,ORD-001451,170.85,pending,2024-08-20
1452,144,ORD-001452,320.14,pending,2021-10-11
1453,86,ORD-001453,115.0,completed,2024-08-22
1454,123,ORD-001454,334.45,pending,2025-03-23
1455,191,ORD-001455,344.79,refunded,2022-12-24
1456,230,ORD-001456,127.64,failed,2022-07-22
1457,14,ORD-001457,37.88,refunded,2023-07-16
1458,125,ORD-001458,230.64,completed,2023-08-21
1459,182,ORD-001459,244.04,refunded,2023-07-15
1460,159,ORD-001460,171.98,completed,2022-01-21
1461,229,ORD-001461,398.95,completed,2021-06-14
1462,101,ORD-001462,405.1,refunded,2021-06-07
1463,28,ORD-001463,82.5,completed,2024-11-28
1464,38,ORD-001464,228.38,pending,2023-12-03
1465,244,ORD-001465,286.0,refunded,2023-05-04
1466,249,ORD-001466,310.26,pending,2023-08-29
1467,89,ORD-001467,194.86,completed,2022-08-21
1468,49,ORD-001468,37.7,pending,2023-12-01
1469,166,ORD-001469,157.79,refunded,2024-09-04
1470,166,ORD-001470,356.2,failed,2024-04-30
1471,171,ORD-001471,316.62,failed,2023-07-27
1472,78,ORD-001472,259.59,refunded,2021-12-18
1473,203,ORD-001473,124.4,failed,2023-02-01
1474,249,ORD-001474,136.78,completed,2021-10-31
1475,91,ORD-001475,135.13,pending,2024-06-20
1476,237,ORD-001476,80.75,refunded,2022-01-09
1477,250,ORD-001477,87.16,pending,2021-11-27
1478,61,ORD-001478,61.44,refunded,2024-03-22
1479,33,ORD-001479,203.99,refunded,2022-01-13
1480,53,ORD-001480,257.49,completed,2024-09-25
1481,82,ORD-001481,440.33,pending,2023-02-03
1482,115,ORD-001482,247.54,pending,2023-12-29
1483,78,ORD-001483,63.46,completed,2023-04-09
1484,239,ORD-001484,229.74,pending,2023-07-28
1485,238,ORD-001485,150.9,completed,2025-02-21
1486,140,ORD-001486,439.26,refunded,2024-08-18
1487,181,ORD-001487,140.05,refunded,2025-03-25
1488,147,ORD-001488,303.43,failed,2022-11-25
1489,177,ORD-001489,59.42,failed,2021-03-24
1490,36,ORD-001490,308.32,completed,2022-09-23
1491,7,ORD-001491,186.72,pending,2023-07-03
1492,92,ORD-001492,50.69,completed,2024-05-30
1493,165,ORD-001493,95.87,pending,2025-05-20
1494,240,ORD-001494,347.52,pending,2021-02-16
1495,22,ORD-001495,246.9,failed,2024-10-18
1496,172,ORD-001496,431.35,failed,2022-02-03
1497,126,ORD-001497,149.81,completed,2024-09-27
1498,93,ORD-001498,184.93,failed,2023-01-28
1499,99,ORD-001499,174.05,refunded,2022-12-08
1500,90,ORD-001500,145.56,failed,2024-02-23
